"Time [us]",0,1,2,3,4,5,6,7,8,9,10,11,12,13,14,15,16,17,18,19,20,21,22,23,24,25,26,27,28,29,30,31,32,33,34,35,36,37,38,39,40,41,42,43,44,45,46,47,48,49,50,51,52,53,54,55,56,57,58,59,60,61,62,63,64,65,66,67,68,69,70,71,72,73,74,75,76,77,78,79,80,81,82,83,84,85,86,87,88,89,90,91,92,93,94,95,96,97,98,99,100,101,102,103,104,105,106,107,108,109,110,111,112,113,114,115,116,117,118,119,120,121,122,123,124,125,126,127,128,129,130,131,132,133,134,135,136,137,138,139,140,141,142,143,144,145,146,147,148,149,150,151,152,153,154,155,156,157,158,159
"re(SP(Di1)) [uv]",1688.04035366582,-2478.00299289974,-1767.77434842589,2469.6260842329,1762.71999372673,-2473.39862924593,-1765.78983285028,2470.77964087789,1763.48775142898,-2472.84507459924,-1765.36861290711,2471.11301032738,1763.75968754035,-2472.61782807374,-1765.17489812809,2471.28093186086,1763.90736156504,-2472.4863164878,-1765.05646819252,2471.38865174114,1764.00623063317,-2472.39481643664,-1764.97113812944,2471.46879595738,1764.08200786723,-2472.3227156836,-1764.90212378535,2471.53523502848,1764.14632068167,-2472.26012883682,-1764.84090047059,2471.5954284179,1764.20579660578,-2472.20107232963,-1764.78197363534,2471.65451277716,1764.26532878265,-2472.1407931663,-1764.720633285,2471.71725035846,1764.32982927569,-2472.07412526457,-1764.65134357607,2471.78967985419,1764.40599732684,-2471.99351707086,-1764.56546215648,2471.88183703555,1764.50565335776,-2471.8848485101,-1764.4458789041,2472.01476540178,1764.65508997777,-2471.71470040657,-1764.2492990522,2472.24578235084,1764.93212727916,-2471.37418486009,-1763.81760810452,2472.81563379095,1765.7275136471,-2470.16717920054,-1761.7022929769,2477.98144021696,1716.71983017117,-2403.12848936475,-1704.29727417419,2404.3716688275,1704.95861364871,-2403.93682894878,-1704.64836749722,2404.16699096134,1704.82217285898,-2404.03530321933,-1704.72335412866,2404.10761154258,1704.77371525005,-2404.07581139374,-1704.75789502196,2404.07766242564,1704.74737169691,-2404.09927613414,-1704.77902922548,2404.05843656601,1704.7297231066,-2404.11561138382,-1704.7942647485,2404.04412540069,1704.71619034999,-2404.12848882801,-1704.80659209523,2404.0322569911,1704.70470077814,-2404.13967098627,-1704.81753152645,2404.02150072987,1704.69407188897,-2404.15022574338,-1704.82806392418,2404.01093935828,1704.68342964069,-2404.16100237465,-1704.83903114952,2403.99972140284,1704.67189549801,-2404.17292512804,-1704.85142389138,2403.98676588734,1704.65826992817,-2404.18734648107,-1704.86679035307,2403.97027457913,1704.64043444622,-2404.20679763788,-1704.88819845177,2403.94647337509,1704.61367230366,-2404.23727553091,-1704.92341975566,2403.90506978372,1704.56400324213,-2404.29835203429,-1705.00089308143,2403.80272529552,1704.42100112563,-2404.51572302243,-1705.38304822689,2402.861067951,1719.13943703698,-2393.72988226715,-1719.13943703701,2393.72988226713,1719.13943703696,-2393.72988226717,-1719.13943703699,2393.72988226715,1719.13943703701,-2393.72988226713,-1719.13943703698,2393.72988226716,1719.139437037,-2393.72988226714,-1719.13943703702,2393.72988226712,1719.13943703698,-2393.7298822672,-1719.13943703694,2393.72988226718,1719.13943703696,-2393.72988226717,-1719.13943703692,2393.7298822672,1719.13943703695,-2393.72988226718,-1719.13943703698,2393.72988226716,1719.13943703693,-2393.72988226719,-1719.13943703696,2393.72988226717
"re(SP(Dq1)) [uv]",2403.06938553097,1759.01493074147,-2474.5984199003,-1766.2123119306,2470.71069510215,1763.6118329931,-2472.60331717397,-1765.04955238785,2471.48568505102,1764.17111582538,-2472.17746183838,-1764.7123495035,2471.76085392911,1764.40113570655,-2471.98133181986,-1764.54229656718,2471.91043114976,1764.53436475846,-2471.86133713586,-1764.4331385798,2472.01063259239,1764.62710845458,-2471.77483814389,-1764.35188845003,2472.0874626204,1764.70021735994,-2471.70485292909,-1764.28450931208,2472.15269048203,1764.76369947875,-2471.64274928463,-1764.22344600448,2472.21303023766,1764.82361793706,-2471.5829582082,-1764.16349089841,2472.2734440106,1764.8847941059,-2471.52070056845,-1764.09981044332,2472.33891881952,1764.95247433893,-2471.45035302892,-1764.02626897873,2472.41626308416,1765.03433496962,-2471.36312856287,-1763.93266063168,2472.51750001123,1765.14474122916,-2471.24161634672,-1763.79756738319,2472.66939645069,1765.3177238806,-2471.04171647391,-1763.56258639182,2472.95127745335,1765.66432956255,-2470.60208345974,-1762.98186038438,2473.76262084013,1766.89741617032,-2468.43488045233,-1757.64629655013,2387.84220801413,1703.46476517677,-2404.77194906595,-1705.23731464745,2403.71119183822,1704.45136015243,-2404.34645394379,-1704.98992481156,2403.87586515015,1704.57009976948,-2404.25609531859,-1704.91840839939,2403.93420454654,1704.61885313486,-2404.21453485667,-1704.88238101388,2403.96588840391,1704.64706973137,-2404.18912465822,-1704.85926846765,2403.98710214488,1704.66670254998,-2404.17081553482,-1704.84207190822,2404.00336181733,1704.68217347614,-2404.15600675799,-1704.82781561719,2404.01716196009,1704.6956033554,-2404.14286937765,-1704.81489915511,2404.02992454878,1704.70827602477,-2404.13022445363,-1704.80222034794,2404.04269953401,1704.72121138907,-2404.11706128185,-1704.7887572509,2404.05654103607,1704.73551810824,-2404.10219182194,-1704.77321387855,2404.07288683412,1704.75281691569,-2404.08376119454,-1704.75343624627,2404.09427400041,1704.7761385255,-2404.05809683618,-1704.7249074296,2404.12634628624,1704.812656587,-2404.01590498954,-1704.67532316474,2404.18580984702,1704.8857478056,-2403.92323883846,-1704.55299217645,2404.3565717653,1705.14491634172,-2403.46891913101,-1703.44267197428,2393.72988226717,1719.13943703701,-2393.72988226715,-1719.13943703703,2393.72988226718,1719.13943703699,-2393.72988226717,-1719.13943703702,2393.72988226714,1719.13943703704,-2393.72988226718,-1719.139437037,2393.72988226716,1719.13943703703,-2393.72988226714,-1719.13943703705,2393.72988226717,1719.13943703694,-2393.7298822672,-1719.13943703696,2393.72988226719,1719.13943703699,-2393.72988226721,-1719.13943703695,2393.7298822672,1719.13943703698,-2393.72988226718,-1719.139437037,2393.7298822672,1719.13943703696,-2393.72988226719,-1719.13943703699
"re(SP(Di2)) [uv]",-2903.59880878836,-1987.05079157077,3005.57776979685,1997.25805062775,-2999.98151003764,-1993.45229911596,3002.80325216848,1995.64187235825,-3001.05840776512,-1994.22931924058,3002.21167955718,1995.17349484374,-3001.44059104726,-1994.54877552647,3001.93930396058,1994.93734395916,-3001.64829975611,-1994.73377646682,3001.77268504438,1994.78577636082,-3001.78742770923,-1994.86254662707,3001.65258781241,1994.67296892822,-3001.89409636807,-1994.96404725477,3001.55542553273,1994.57942618868,-3001.98465112177,-1995.05217713913,3001.46921055806,1994.49465663507,-3002.06841507396,-1995.13535511424,3001.38621053494,1994.41143003688,-3002.15227722998,-1995.22027440858,3001.29979124416,1994.3230370062,-3002.24315962556,-1995.31421663159,3001.20214824347,1994.22096247256,-3002.3505105573,-1995.42783405747,3001.0810884755,1994.09104512093,-3002.49101235818,-1995.58105782346,3000.91245614624,1993.90357082447,-3002.70179813167,-1995.82109575886,3000.63507883039,1993.57753230165,-3003.09288683566,-1996.30194858394,3000.02522647921,1992.77206215865,-3004.21801687216,-1998.0114336349,2997.02237661423,1985.39060250918,-2891.76244487112,-1929.84173358915,2910.37916097887,1931.82007366467,-2909.18146203614,-1930.92366114347,2909.91267977848,1931.54888244253,-2909.36196819108,-1931.05381240246,2909.81363969818,1931.47049643581,-2909.42591045848,-1931.10724733171,2909.76808885203,1931.43101027147,-2909.46063582889,-1931.13817238843,2909.7402397437,1931.40567948635,-2909.48388545388,-1931.15968927112,2909.72017367002,1931.38683281357,-2909.50170527312,-1931.1766446023,2909.70394407488,1931.3712087627,-2909.51682936526,-1931.19136286426,2909.68954641499,1931.35705325492,-2909.53081619903,-1931.20525111398,2909.67568861095,1931.3431583568,-2909.54481646056,-1931.21942709639,2909.66126301411,1931.32840411378,-2909.55998535256,-1931.23510577038,2909.64496768783,1931.31137030981,-2909.57789846195,-1931.25406319691,2909.62477000255,1931.28969656676,-2909.60133593911,-1931.27962043717,2909.59664559124,1931.2584333168,-2909.63648205083,-1931.3196380964,2909.55041083571,1931.20409836528,-2909.70164200328,-1931.39972992181,2909.44887125574,1931.07005694056,-2909.8887433586,-1931.68368001389,2908.95116589218,1929.85408424379,-2898.98571203513,-1950.47403580957,2898.98571203511,1950.4740358096,-2898.98571203514,-1950.47403580955,2898.98571203512,1950.47403580958,-2898.9857120351,-1950.47403580961,2898.98571203513,1950.47403580956,-2898.98571203512,-1950.47403580959,2898.98571203509,1950.47403580963,-2898.98571203513,-1950.47403580949,2898.98571203516,1950.47403580952,-2898.98571203515,-1950.47403580955,2898.98571203517,1950.4740358095,-2898.98571203515,-1950.47403580954,2898.98571203513,1950.47403580956,-2898.98571203517,-1950.47403580951,2898.98571203515,1950.47403580955
"re(SP(Dq2)) [uv]",1912.99443944171,-3008.34590020701,-1998.37652705657,2999.21059079503,1992.78850828982,-3003.43061598405,-1996.25868944239,3000.44149147437,1993.60768714709,-3002.84001244204,-1995.80929155551,3000.79715373039,1993.89780262896,-3002.59757772881,-1995.60263227569,3000.97629429959,1994.05534148336,-3002.45728211981,-1995.47629298657,3001.09120751522,1994.16081222201,-3002.35967297182,-1995.38526623127,3001.1767018104,1994.24164765603,-3002.28275975019,-1995.31164572004,3001.24757489729,1994.31025232996,-3002.21599646464,-1995.24633718416,3001.31178456396,1994.37369644529,-3002.15299996053,-1995.18347921276,3001.3748103579,1994.43719971717,-3002.08870009228,-1995.11804759993,3001.44173215888,1994.50600175769,-3002.01758636248,-1995.04413750945,3001.51899109301,1994.58724818296,-3001.93160413908,-1994.95253093628,3001.61729129276,1994.69354650815,-3001.81569327098,-1994.82497879453,3001.75907681867,1994.85293894675,-3001.63421119039,-1994.61530653748,3002.00547660013,1995.14841896879,-3001.27103390671,-1994.1548970352,3002.6132183918,1995.99665324043,-2999.98392333307,-1991.89949840275,3008.11907848879,1948.85390534376,-2908.22280844551,-1930.59938987384,2910.03861349307,1931.58379377868,-2909.37723480582,-1931.09997775551,2909.74696416543,1931.38944174627,-2909.51747563071,-1931.20675279234,2909.66242219586,1931.3204559743,-2909.57514014535,-1931.25591973506,2909.61979357953,1931.28296108035,-2909.6085362976,-1931.28599789904,2909.59243223317,1931.25784515382,-2909.63178257718,-1931.30767865319,2909.57206734374,1931.238588361,-2909.6501065014,-1931.32521947603,2909.55517986707,1931.22224022449,-2909.66601695107,-1931.34078429807,2909.53987591831,1931.20711774895,-2909.68103370887,-1931.35576900099,2909.52485023739,1931.19197725156,-2909.69636513743,-1931.37137131815,2909.50889149622,1931.17556898763,-2909.71332592556,-1931.38900036099,2909.49046225141,1931.15618698697,-2909.73383946152,-1931.41085775539,2909.46700544419,1931.13081893797,-2909.76150474054,-1931.44130541215,2909.43315539246,1931.09275935453,-2909.80484669132,-1931.49139024847,2909.37428293478,1931.02213929908,-2909.89167807417,-1931.60151990053,2909.22882109327,1930.8189359017,-2910.20045059454,-1932.14400999524,2907.89456331129,1950.47403580953,-2898.98571203511,-1950.47403580957,2898.98571203508,1950.47403580951,-2898.98571203512,-1950.47403580955,2898.9857120351,1950.47403580958,-2898.98571203508,-1950.47403580953,2898.98571203511,1950.47403580956,-2898.98571203509,-1950.47403580959,2898.98571203507,1950.47403580955,-2898.98571203516,-1950.47403580949,2898.98571203514,1950.47403580952,-2898.98571203512,-1950.47403580947,2898.98571203516,1950.4740358095,-2898.98571203513,-1950.47403580953,2898.98571203511,1950.47403580948,-2898.98571203515,-1950.47403580952,2898.98571203513
"re(SP(Di3)) [uv]",-2341.42589308891,2326.4208343608,2436.49340861846,-2316.46640065237,-2430.56825907128,2320.83498741567,2434.08307883181,-2317.86808858678,-2431.50138532926,2320.16209829727,2433.57099723957,-2318.27340257214,-2431.83202932226,2319.8857773949,2433.33543904966,-2318.47760363807,-2432.01161418912,2319.72584296234,2433.19140988309,-2318.60861070781,-2432.13185955415,2319.61455772754,2433.08762694142,-2318.70608796266,-2432.22402680274,2319.52686085854,2433.00368292067,-2318.7869007003,-2432.30225430087,2319.45073179534,2432.92921150557,-2318.86012020949,-2432.37460194355,2319.37889349214,2432.85753009816,-2318.9319940806,-2432.44702142262,2319.30556444718,2432.78290922524,-2319.00831563614,-2432.52548859175,2319.22445948621,2432.69861355561,-2319.09643231907,-2432.61815492508,2319.12638971871,2432.59412651572,-2319.20855672817,-2432.73940526435,2318.99417115656,2432.44862453021,-2319.37030043014,-2432.92124101637,2318.78712669635,2432.2094075595,-2319.65143627224,-2433.25839937617,2318.37268693929,2431.6839541934,-2320.34513686314,-2434.22680822868,2316.90274310275,2429.1065897696,-2326.64796083755,-2367.88223038272,2258.65286961226,2358.13795183349,-2259.62018935987,-2358.63153412526,2259.31150269189,2358.42465426814,-2259.45291111523,-2358.51997423541,2259.39204274444,2358.48599676567,-2259.4043285926,-2358.48032285022,2259.42519259009,2358.51426559379,-2259.37981604729,-2358.45876006445,2259.44440002013,2358.53156614263,-2259.36407700747,-2358.44431167925,2259.45777368786,2358.5440398759,-2259.35235970955,-2358.4332313838,2259.46831771896,2358.55413375234,-2259.34264137592,-2358.42382302992,2259.47747455916,2358.56309203359,-2259.33383289446,-2358.41511866298,2259.48611840617,2358.5717177574,-2259.32518325325,-2358.40640259366,2259.49494473149,2358.58070038589,-2259.31599505521,-2358.39695519637,2259.50471066951,2358.59085154753,-2259.30538263483,-2358.38579359787,2259.5165244903,2358.60343998118,-2259.29187226204,-2358.37118149827,2259.53246088722,2358.62098045828,-2259.27237009465,-2358.3492520341,2259.5574366329,2358.64984531653,-2259.23843587621,-2358.3085394331,2259.6075057787,2358.71336612543,-2259.15450556212,-2358.19123189825,2259.78590307313,2359.02727857404,-2258.37908303985,-2371.56855182597,2246.09098214686,2371.568551826,-2246.09098214683,-2371.56855182596,2246.09098214687,2371.56855182598,-2246.09098214684,-2371.56855182601,2246.09098214682,2371.56855182597,-2246.09098214687,-2371.56855182599,2246.09098214684,2371.56855182602,-2246.09098214681,-2371.56855182598,2246.09098214693,2371.56855182594,-2246.0909821469,-2371.56855182596,2246.09098214687,2371.56855182593,-2246.09098214692,-2371.56855182595,2246.09098214689,2371.56855182597,-2246.09098214686,-2371.56855182593,2246.09098214691,2371.56855182596,-2246.09098214688
"re(SP(Dq3)) [uv]",-2262.01764973181,-2428.04686282636,2321.32850679178,2433.98560641997,-2318.2149111373,-2431.97306251919,2319.6215218313,2432.99011221382,-2318.87865318195,-2432.45217100236,2319.2566549275,2432.70116647485,-2319.11446506802,-2432.64930673889,2319.08855323822,2432.55540726331,-2319.24267982722,-2432.76351294385,2318.98568791567,2432.46182853668,-2319.32858294109,-2432.84302474228,2318.911527941,2432.39216697731,-2319.39445634346,-2432.90570904997,2318.85152067243,2432.33439308246,-2319.45038671045,-2432.96014352287,2318.79826724371,2432.2820308038,-2319.50212944422,-2433.01152587615,2318.74699323964,2432.23061524744,-2319.55393923804,-2433.06399040763,2318.69360029045,2432.17600108091,-2319.61009334046,-2433.12203709609,2318.63326475392,2432.11292487246,-2319.67643264371,-2433.19225177226,2318.55844749618,2432.03262969603,-2319.76327391159,-2433.28696143968,2318.45420728192,2431.91673451956,-2319.89358989486,-2433.43537498823,2318.28269008486,2431.71510399057,-2320.13548300284,-2433.73283971583,2317.90534052057,2431.2165678491,-2320.83216153645,-2434.79205091019,2316.04243015349,2426.62110914857,-2240.51646759904,-2356.98218999928,2260.20286130443,2359.03831496985,-2258.98709510381,-2358.1473755047,2259.6998300528,2358.74573107735,-2259.18189262325,-2358.28785559464,2259.59291707484,2358.66110623003,-2259.25092912561,-2358.34555103638,2259.54373192491,2358.61846785596,-2259.28842800575,-2358.37894713653,2259.51365670012,2358.59111155557,-2259.31353731699,-2358.40218560578,2259.49198468944,2358.57075615919,-2259.33278399417,-2358.42049887752,2259.47445500064,2358.55388026698,-2259.3491201083,-2358.43639686415,2259.45890309854,2358.53858972283,-2259.36422865535,-2358.45139911935,2259.44393353409,2358.52357989072,-2259.37935250545,-2358.4667129976,2259.42834979343,2358.50764089796,-2259.39573967609,-2358.48365114144,2259.41074519363,2358.48923819418,-2259.4150926721,-2358.5041327592,2259.38892319084,2358.46582095785,-2259.44041607039,-2358.53174714075,2259.35853421516,2358.43203943362,-2259.47839445091,-2358.57499123593,2259.30856964441,2358.37331827757,-2259.54881869215,-2358.66156012292,2259.19880811196,2358.22840477378,-2259.75113236965,-2358.96868438535,2258.66019395632,2356.91048436459,-2246.09098214689,-2371.568551826,2246.09098214686,2371.56855182603,-2246.0909821469,-2371.56855182599,2246.09098214687,2371.56855182601,-2246.09098214684,-2371.56855182603,2246.09098214689,2371.568551826,-2246.09098214687,-2371.56855182602,2246.09098214684,2371.56855182605,-2246.09098214688,-2371.56855182594,2246.09098214692,2371.56855182596,-2246.0909821469,-2371.56855182599,2246.09098214694,2371.56855182595,-2246.09098214691,-2371.56855182597,2246.09098214689,2371.56855182599,-2246.09098214693,-2371.56855182595,2246.0909821469,2371.56855182598
"re(SP(Di4)) [uv]",2527.50776149163,2929.31920308577,-2596.92095025491,-2936.17155799227,2593.34142516372,2933.86679869033,-2594.94480712785,-2935.01931028149,2594.10960406524,2934.42125674436,-2594.52257681121,-2934.68494875887,2594.38247291382,2934.64936662608,-2594.3280663889,-2934.51629343721,2594.53082586917,2934.78150919006,-2594.20904707839,-2934.40802012294,2594.6302174133,2934.87350512649,-2594.12324388908,-2934.32742216248,2594.70643200639,2934.94602953619,-2594.05381716363,-2934.26057976344,2594.77114115659,2935.00900766693,-2593.99220576141,-2934.19999967915,2594.83100416747,2935.06845344939,-2593.93288562079,-2934.1405160635,2594.89094358991,2935.12915004573,-2593.87111524188,-2934.07733318073,2594.95590767559,2935.19630327958,-2593.80131447132,-2934.00436221951,2595.03265313966,2935.27753148923,-2593.71476234058,-2933.9114736628,2595.13311366356,2935.38709345407,-2593.5941764097,-2933.77740660047,2595.283860858,2935.5587732586,-2593.39577418991,-2933.54417513296,2595.56365894433,2935.90284172169,-2592.95932055058,-2932.96758033781,2596.36936704848,2937.12769080037,-2590.80551331506,-2927.65748022976,2503.65860936864,2843.74414999543,-2526.82216005619,-2846.18268703972,2525.38109469788,2845.1273838597,-2526.22472101611,-2845.83513231428,2525.61251234098,2845.29428283231,-2526.09769649359,-2845.73458539389,2525.69454002474,2845.36283669671,-2526.03925359436,-2845.68392079388,2525.73909822922,2845.4025201896,-2526.00351584035,-2845.65141359437,2525.76893559456,2845.43013463895,-2525.97776264979,-2845.62722480298,2525.79180700636,2845.45189698039,-2525.9569313562,-2845.60717034015,2525.81122012136,2845.47078953593,-2525.93844998655,-2845.58899947524,2525.82917478815,2845.48861796869,-2525.92066032263,-2845.57116187711,2525.84714796621,2845.50681705961,-2525.9021404396,-2845.55221971869,2525.8666228415,2845.52694682488,-2525.88121853021,-2845.53034919613,2525.88962286145,2845.55128829947,-2525.85528390227,-2845.50251850188,2525.91971919639,2845.5841076859,-2525.81916662064,-2845.4623687821,2525.96485742687,2845.63550499449,-2525.75978089737,-2845.39257416518,2526.04856378573,2845.73840351897,-2525.62931062371,-2845.22031231206,2526.28907336922,2846.10354711061,-2524.98882799793,-2843.65230951375,2509.81627589706,2860.61320075778,-2509.81627589703,-2860.61320075781,2509.81627589708,2860.61320075776,-2509.81627589705,-2860.61320075779,2509.81627589702,2860.61320075781,-2509.81627589707,-2860.61320075777,2509.81627589704,2860.6132007578,-2509.81627589701,-2860.61320075783,2509.81627589705,2860.61320075771,-2509.8162758971,-2860.61320075773,2509.81627589708,2860.61320075776,-2509.81627589713,-2860.61320075771,2509.8162758971,2860.61320075775,-2509.81627589707,-2860.61320075777,2509.81627589711,2860.61320075772,-2509.81627589709,-2860.61320075776
"re(SP(Dq4)) [uv]",-2827.30758417961,2603.05112806073,2939.20342557011,-2591.22649759028,-2932.16932068383,2596.40880425645,2936.33568719024,-2592.8945178459,-2933.27986937043,2595.60791769802,2935.72616702454,-2593.37697262101,-2933.67345417019,2595.27898904433,2935.4457562104,-2593.62005969385,-2933.88724050069,2595.08859307694,2935.27429290556,-2593.77602211089,-2934.03039257705,2594.95610688844,2935.15073728256,-2593.8920715588,-2934.14012108396,2594.8516998368,2935.05079752937,-2593.9882839422,-2934.23325613347,2594.76106259666,2934.96213334762,-2594.07545810533,-2934.31939272712,2594.67553196368,2934.87678906244,-2594.16103199246,-2934.40561668101,2594.58822459409,2934.78794312505,-2594.25190332247,-2934.4990431944,2594.49165683789,2934.68757573169,-2594.35682090983,-2934.60937863828,2594.37488683531,2934.56316385479,-2594.4903276183,-2934.75375286408,2594.21745112194,2934.38990945424,-2594.6829238392,-2934.97027649762,2593.97090619471,2934.1050491925,-2595.01770794831,-2935.37178343167,2593.47735354461,2933.47926756417,-2595.84390344685,-2936.52523956384,2591.72632634549,2930.40839342959,-2603.35822142265,-2856.52180505269,2525.01163355646,2845.13001092105,-2526.12125472292,-2845.69318327077,2525.771195058,2845.46043453123,-2525.92851288746,-2845.56465788311,2525.86397564768,2845.53109582058,-2525.87255242362,-2845.51898643312,2525.90215740609,2845.56365490632,-2525.84432025253,-2845.49415205171,2525.92427873635,2845.5835798026,-2525.82619395088,-2845.47751235035,2525.93968056819,2845.59794508784,-2525.81269992644,-2845.46475202332,2525.9518232265,2845.60956925564,-2525.80150831528,-2845.45391745821,2525.9623680811,2845.6198853866,-2525.79136475424,-2845.44389385462,2525.97232193083,2845.62981830541,-2525.7814043547,-2845.43385702255,2525.98248566275,2845.64016195874,-2525.7708240529,-2845.42297832239,2525.99373108635,2845.65185088228,-2525.7586040867,-2845.41012608962,2526.00733422117,2845.66634582592,-2525.74304772217,-2845.39330132399,2526.02568361711,2845.68654193926,-2525.72059321821,-2845.36805244617,2526.05443939375,2845.71977478222,-2525.68152479891,-2845.32118139054,2526.11208034526,2845.79289844472,-2525.58491184943,-2845.18615887326,2526.3173910499,2846.15407940635,-2524.69334822238,-2860.61320075775,2509.81627589703,2860.61320075778,-2509.816275897,-2860.61320075773,2509.81627589705,2860.61320075776,-2509.81627589702,-2860.61320075779,2509.81627589698,2860.61320075774,-2509.81627589704,-2860.61320075777,2509.81627589701,2860.6132007578,-2509.81627589698,-2860.61320075775,2509.81627589711,2860.61320075771,-2509.81627589708,-2860.61320075773,2509.81627589705,2860.61320075769,-2509.8162758971,-2860.61320075772,2509.81627589707,2860.61320075775,-2509.81627589703,-2860.6132007577,2509.81627589709,2860.61320075773,-2509.81627589706
"re(SP(Di5)) [uv]",1625.99159538848,-1443.95151951703,-1705.41098499828,1435.78960358696,1700.63453552982,-1439.25751887694,-1703.38458283549,1436.96822609285,1701.41923661184,-1438.69162715148,-1702.95391009731,1437.30911559882,1701.6973318479,-1438.45921679125,-1702.75578142873,1437.48087218243,1701.84838526893,-1438.32469036987,-1702.63463229015,1437.59106885043,1701.94953053932,-1438.23108128434,-1702.54733326004,1437.67306425672,1702.02705977096,-1438.15731202357,-1702.47672045226,1437.74104341861,1702.09286457802,-1438.09327210195,-1702.41407464842,1437.80263639999,1702.15372441734,-1438.03284045002,-1702.35377470587,1437.86309852211,1702.21464579717,-1437.97115363196,-1702.29100086509,1437.92730334728,1702.28065592462,-1437.90292412936,-1702.22008680819,1438.00143225252,1702.35861271009,-1437.82042113187,-1702.1321845943,1438.09576023811,1702.46061891719,-1437.70918660833,-1702.00977372852,1438.23183661498,1702.61360061412,-1437.53499416241,-1701.80851067889,1438.46837180403,1702.89727652656,-1437.18628687366,-1701.36638275643,1439.05209201114,1703.71220282332,-1435.94919295573,-1699.19689532739,1444.36016257085,1642.46983935281,-1408.73851325331,-1639.47533171783,1409.03566329453,1639.59607269844,-1408.98456311575,-1639.58348003158,1408.9723363587,1639.55375712629,-1409.01515058715,-1639.60679707443,1408.95385739323,1639.53866744215,-1409.02777134068,-1639.61756329399,1408.94451898362,1639.53045067068,-1409.03509223184,-1639.62415871006,1408.93851776392,1639.52494065913,-1409.04019316698,-1639.62891706639,1408.93404737648,1639.52071277744,-1409.04421689954,-1639.63276944495,1408.93033792813,1639.51712127587,-1409.04771273983,-1639.63618981496,1408.92697443118,1639.51379722112,-1409.05101399143,-1639.63948445123,1408.92367035234,1639.51046745631,-1409.05438619516,-1639.64291670128,1408.92015921123,1639.5068569038,-1409.05811887169,-1639.64679703173,1408.91610210868,1639.5025893509,-1409.06263635676,-1639.65161135523,1408.91093446931,1639.49699945614,-1409.0687338754,-1639.65832384253,1408.90346976321,1639.48860376658,-1409.07829830036,-1639.66938089092,1408.89046628017,1639.47299626887,-1409.09750265492,-1639.69376082953,1408.85822454451,1639.42787614583,-1409.16625515126,-1639.81518661704,1408.55517900387,1646.42725767382,-1397.3135351991,-1646.42725767383,1397.31353519907,1646.42725767381,-1397.31353519911,-1646.42725767382,1397.31353519909,1646.42725767384,-1397.31353519907,-1646.42725767381,1397.3135351991,1646.42725767383,-1397.31353519908,-1646.42725767384,1397.31353519906,1646.42725767382,-1397.31353519914,-1646.42725767379,1397.31353519912,1646.42725767381,-1397.31353519911,-1646.42725767378,1397.31353519913,1646.4272576738,-1397.31353519912,-1646.42725767382,1397.3135351991,1646.42725767379,-1397.31353519913,-1646.42725767381,1397.31353519911
"re(SP(Dq5)) [uv]",1415.58585523843,1700.39632263958,-1438.757322127,-1702.72334205543,1437.66798506712,1702.11985133662,-1438.00338896637,-1702.28265470667,1437.96217384491,1702.33237301267,-1437.84145218531,-1702.15435996856,1438.06691100414,1702.41995528363,-1437.76675239383,-1702.08957631317,1438.12390624865,1702.47073062968,-1437.72101325764,-1702.0479616514,1438.16211157566,1702.50609685104,-1437.6880245239,-1702.01697135862,1438.19141894505,1702.53398746141,-1437.66132312808,-1701.99126199053,1438.21630958253,1702.55821392949,-1437.63762081686,-1701.96795489474,1438.23934229595,1702.58108758508,-1437.61479404243,-1701.94506374626,1438.26241033969,1702.60444855237,-1437.59101822539,-1701.92074260729,1438.2874188513,1702.63030164071,-1437.56414388287,-1701.89264552553,1438.31697167877,1702.66158334093,-1437.53080886208,-1701.85686658446,1438.35567126869,1702.70379383463,-1437.48434536927,-1701.80520140992,1438.41377353559,1702.76997591823,-1437.40784612905,-1701.71525107203,1438.52171456825,1702.90275886229,-1437.23933288686,-1701.49249396505,1438.83325592372,1703.37701564796,-1436.403248972,-1699.41633445127,1393.67783276908,1638.3656387453,-1409.61702030129,-1640.00266257793,1408.66424993023,1639.31450996234,-1409.20720223653,-1639.7642570499,1408.82299027189,1639.42899350569,-1409.12007058353,-1639.69528765896,1408.87925645621,1639.4760173865,-1409.07998226224,-1639.66053481199,1408.90982066438,1639.50323782339,-1409.05546837312,-1639.6382368945,1408.93028723241,1639.52217960209,-1409.03780330792,-1639.62164491449,1408.94597556808,1639.53710718114,-1409.02351437274,-1639.6078888396,1408.95929171571,1639.55006625489,-1409.0108373494,-1639.59542480571,1408.9716074485,1639.5622953962,-1408.99863480413,-1639.58318938387,1408.98393586607,1639.57477877182,-1408.98593138967,-1639.57019631998,1408.99729433464,1639.58858644734,-1408.97158036048,-1639.55519461039,1409.01307079837,1639.60528305273,-1408.95379096625,-1639.53610465102,1409.03371482389,1639.62779489454,-1408.92901700805,-1639.50856473499,1409.06467649119,1639.66304982511,-1408.88828262341,-1639.46069063826,1409.12209297299,1639.7336306294,-1408.79878980995,-1639.34253225977,1409.28706338639,1639.98408839132,-1408.35947869089,-1638.26708624205,1397.31353519911,1646.42725767383,-1397.31353519909,-1646.42725767385,1397.31353519913,1646.42725767382,-1397.31353519911,-1646.42725767384,1397.31353519909,1646.42725767385,-1397.31353519912,-1646.42725767383,1397.3135351991,1646.42725767384,-1397.31353519908,-1646.42725767386,1397.31353519911,1646.4272576738,-1397.31353519914,-1646.42725767381,1397.31353519912,1646.42725767382,-1397.31353519915,-1646.4272576738,1397.31353519913,1646.42725767382,-1397.31353519911,-1646.42725767383,1397.31353519914,1646.4272576738,-1397.31353519913,-1646.42725767382
"re(SP(Di6)) [uv]",-1848.34719561281,-1803.96561701169,1891.39391248767,1808.25678081563,-1889.15713402205,-1806.82082786429,1890.15233995698,1807.53266067236,-1889.63995638949,-1807.16935157898,1889.88691587257,1807.32246309147,-1889.81150274238,-1807.31276332345,1889.76462489711,1807.21642525076,-1889.90477770502,-1807.39584757225,1889.68979076696,1807.14834683979,-1889.96727232096,-1807.45369267239,1889.63583898638,1807.09766754872,-1890.01519581758,-1807.49929617953,1889.5921829574,1807.05563623752,-1890.05588601991,-1807.53889817454,1889.55344011685,1807.01754165256,-1890.09352994427,-1807.57627998382,1889.51613706521,1806.98013554926,-1890.13122293516,-1807.61444938521,1889.47729214021,1806.94040207585,-1890.17207684041,-1807.65668029424,1889.43339592387,1806.89451182245,-1890.22034122776,-1807.70776429027,1889.37896322188,1806.83609353966,-1890.28352227298,-1807.77667018888,1889.30312310983,1806.7517735028,-1890.37833466097,-1807.88465015711,1889.17833307277,1806.60507300474,-1890.55433052763,-1808.10108091926,1888.90377566365,1806.24233444165,-1891.06125190176,-1808.87182159316,1887.54811533052,1802.89743690366,-1831.92949308751,-1748.94085152418,1846.83532335144,1750.50601433584,-1845.91108793373,-1749.82963260936,1846.45147027878,1750.28271666633,-1846.05976766932,-1749.93685989809,1846.36986154324,1750.21811913727,-1846.11246711546,-1749.98090283786,1846.33231455797,1750.18556943251,-1846.1410936878,-1750.00639759526,1846.30935478203,1750.16468515748,-1846.160262704,-1750.02413848043,1846.29280967744,1750.14914511327,-1846.17495638759,-1750.03811963311,1846.27942668406,1750.13626120168,-1846.18742825885,-1750.0502570648,1846.26755342479,1750.1245874323,-1846.19896312544,-1750.0617108257,1846.25612457804,1750.11312779792,-1846.21050985467,-1750.07340268325,1846.24422663812,1750.10095857905,-1846.22302130399,-1750.08633485116,1846.2307855751,1750.08690810029,-1846.23779740397,-1750.10197273986,1846.21412419938,1750.06902863817,-1846.25713237652,-1750.12305707466,1846.19092120951,1750.04323510707,-1846.28613064881,-1750.15607632341,1846.15277003135,1749.99839705206,-1846.33990584529,-1750.22218083757,1846.06895314607,1749.88773305633,-1846.49441198454,-1750.45674998884,1845.65751657294,1748.88055006131,-1835.90921014488,-1759.69209892987,1835.90921014486,1759.69209892989,-1835.90921014489,-1759.69209892986,1835.90921014487,1759.69209892988,-1835.90921014485,-1759.6920989299,1835.90921014488,1759.69209892987,-1835.90921014487,-1759.69209892989,1835.90921014484,1759.69209892991,-1835.90921014487,-1759.69209892982,1835.90921014491,1759.69209892984,-1835.90921014489,-1759.69209892986,1835.90921014492,1759.69209892983,-1835.9092101449,-1759.69209892985,1835.90921014488,1759.69209892987,-1835.90921014491,-1759.69209892983,1835.90921014489,1759.69209892986
"re(SP(Dq6)) [uv]",1738.06770763892,-1895.37884718955,-1810.2327413736,1887.77873003816,1805.71557036501,-1891.10431936751,-1808.38745965544,1888.85199652239,1806.4301236946,-1890.58901700779,-1807.99528906795,1889.1624098777,1806.68335630268,-1890.37738517047,-1807.81487418055,1889.3188103443,1806.82090448975,-1890.25488643951,-1807.70455677012,1889.41915446833,1806.91300644273,-1890.16964690747,-1807.62506314863,1889.49381863255,1806.98360372755,-1890.10247343622,-1807.56076393088,1889.55571966172,1807.04352479536,-1890.04415947012,-1807.50371944866,1889.61180544029,1807.09894296788,-1889.98913121544,-1807.44881114269,1889.66686140881,1807.15441711396,-1889.93296008866,-1807.39165020575,1889.72532536129,1807.21452492889,-1889.87083136458,-1807.32707698983,1889.79282594363,1807.28551109113,-1889.79570552566,-1807.24703474829,1889.87871934449,1807.37839610116,-1889.69441742947,-1807.13556974495,1890.00262782433,1807.51769813596,-1889.53580144292,-1806.9523040033,1890.21801137397,1807.77600661954,-1889.21827745137,-1806.54971436761,1890.74952967239,1808.51805156428,-1888.09182697891,-1804.57428095789,1895.58273573275,1756.85006172463,-1845.68923744446,-1749.83869475568,1846.38036785284,1750.18827241253,-1846.16412759562,-1750.04545696972,1846.25972153544,1750.10780838325,-1846.22221980902,-1750.08970319193,1846.22467852732,1750.07920714357,-1846.246131606,-1750.11009435623,1846.20699676193,1750.06365305093,-1846.2599867601,-1750.12257405266,1846.19564340701,1750.05323066937,-1846.26963392557,-1750.1315720753,1846.18719101878,1750.045237766,-1846.27724000911,-1750.13885345254,1846.18018052768,1750.03845086783,-1846.28384548853,-1750.1453157121,1846.17382631535,1750.03217174714,-1846.29008096527,-1750.15153812874,1846.16758663157,1750.02588412961,-1846.29644813364,-1750.15801806628,1846.16095838392,1750.01906888288,-1846.30349318923,-1750.16534103706,1846.15330264443,1750.01101694715,-1846.31201566061,-1750.17442234113,1846.14355622041,1750.00047569615,-1846.3235123122,-1750.18707624421,1846.12948706397,1749.98465536637,-1846.34153039723,-1750.20790017294,1846.10500575109,1749.95528360115,-1846.37765280986,-1750.25372801932,1846.04445194304,1749.87064633261,-1846.50637242622,-1750.48024683114,1845.48476350451,1759.69209892985,-1835.90921014486,-1759.69209892987,1835.90921014484,1759.69209892984,-1835.90921014487,-1759.69209892986,1835.90921014485,1759.69209892988,-1835.90921014483,-1759.69209892985,1835.90921014486,1759.69209892987,-1835.90921014484,-1759.69209892989,1835.90921014482,1759.69209892986,-1835.90921014491,-1759.69209892982,1835.90921014489,1759.69209892984,-1835.90921014487,-1759.69209892981,1835.9092101449,1759.69209892983,-1835.90921014488,-1759.69209892985,1835.90921014486,1759.69209892982,-1835.9092101449,-1759.69209892984,1835.90921014487
"re(SP(Di7)) [uv]",-2320.07052093502,1490.753099621,2423.97499303806,-1480.07100287886,-2417.74981796507,1484.57268389006,2421.30581040265,-1481.62372876603,-2418.78367634331,1483.82707037909,2420.73833829841,-1482.07291180029,-2419.15012501623,1483.5208154205,2420.47725344633,-1482.29924771005,-2419.34918116267,1483.34353654902,2420.31760172375,-1482.44446731421,-2419.48247361569,1483.22017468559,2420.20255478674,-1482.55252550914,-2419.58464659582,1483.12295632777,2420.10949576286,-1482.64211413852,-2419.67137007801,1483.0385583928,2420.02693476978,-1482.72328796233,-2419.75157802653,1482.95891442562,2419.94746405481,-1482.80297274853,-2419.83186841703,1482.87761489471,2419.86473153869,-1482.8875915944,-2419.91886695402,1482.78769089964,2419.77126895033,-1482.98529174529,-2420.02161270111,1482.6789527167,2419.65541396593,-1483.10961667396,-2420.15605849698,1482.53234276261,2419.49407198657,-1483.28897192364,-2420.35769783388,1482.30274368048,2419.22878819995,-1483.60075265833,-2420.73162259212,1481.84308764653,2418.64597029008,-1484.37024990002,-2421.80597188126,1480.21203098018,2415.78510371415,-1491.37332239596,-2338.91412172315,1451.78410664511,2336.57982663365,-1452.00678174355,-2336.6424408488,1452.00784429129,2336.67881272411,-1451.94868036752,-2336.60356679626,1452.03596730107,2336.70026355576,-1451.93167297824,-2336.58967403211,1452.04759019503,2336.71018083544,-1451.92306923157,-2336.58210239433,1452.05433730153,2336.71626013722,-1451.91753696385,-2336.57702239507,1452.05904062187,2336.72064799087,-1451.91341429862,-2336.57312305403,1452.06275196497,2336.72420154528,-1451.90999234564,-2336.56980968073,1452.06597729816,2336.72735745136,-1451.90688871929,-2336.56674225847,1452.06902386532,2336.73039809976,-1451.9038391695,-2336.56366881233,1452.07213667696,2336.73356653876,-1451.90059769461,-2336.56033534112,1452.07558313465,2336.7371495812,-1451.89685114766,-2336.55639414869,1452.07975548585,2336.74159647778,-1451.89207745724,-2336.55122987612,1452.08538934476,2336.7477992846,-1451.88517863225,-2336.54346948753,1452.09423152778,2336.75802337605,-1451.87315197529,-2336.52903045256,1452.11200417108,2336.78059551668,-1451.84328378821,-2336.48719771954,1452.17582928203,2336.89358879078,-1451.55941762638,-2344.27005360496,1436.3447022489,2344.27005360498,-1436.34470224887,-2344.27005360495,1436.34470224891,2344.27005360497,-1436.34470224888,-2344.27005360498,1436.34470224886,2344.27005360496,-1436.3447022489,-2344.27005360498,1436.34470224888,2344.27005360499,-1436.34470224885,-2344.27005360497,1436.34470224896,2344.27005360494,-1436.34470224894,-2344.27005360496,1436.34470224891,2344.27005360493,-1436.34470224896,-2344.27005360495,1436.34470224893,2344.27005360496,-1436.3447022489,-2344.27005360494,1436.34470224895,2344.27005360495,-1436.34470224892
"re(SP(Dq7)) [uv]",-1461.41485742972,-2418.05107025595,1483.61375659117,2420.24455985402,-1482.67968048365,-2419.80662941378,1482.84347908694,2419.79381187413,-1482.98076846568,-2420.02421972713,1482.67763462734,2419.66239420508,-1483.08807246939,-2420.11396019686,1482.60108571525,2419.59600071328,-1483.14648872353,-2420.16600516855,1482.55419992013,2419.55334036193,-1483.1856561014,-2420.20226367658,1482.52037739023,2419.52156547379,-1483.21570662433,-2420.23086256581,1482.49299695707,2419.49520141158,-1483.24123193295,-2420.25570754962,1482.46868876832,2419.47129782381,-1483.26485481412,-2420.27916798368,1482.44527573651,2419.44781808115,-1483.28851669274,-2420.3031310346,1482.42088641235,2419.42286860004,-1483.31417211034,-2420.32965373462,1482.39331508137,2419.39404180855,-1483.34449356886,-2420.36175027707,1482.35911032128,2419.35732774226,-1483.38420651205,-2420.4050683052,1482.31142498438,2419.30430058164,-1483.44384469284,-2420.47300537617,1482.23288984836,2419.21194624962,-1483.55468511855,-2420.60937710806,1482.05978631861,2418.98305811055,-1483.87492680323,-2421.09717889325,1481.19883113908,2416.8382657297,-1432.1053236296,-2335.0731833878,1452.80262617385,2337.1993043686,-1451.57020675374,-2336.31265525989,1452.26709380772,2336.88772157923,-1451.77768783883,-2336.46229817669,1452.15319883739,2336.79756516275,-1451.8512402448,-2336.52376989316,1452.10079284366,2336.75213348491,-1451.89119662443,-2336.55935531481,1452.06874544031,2336.7229828389,-1451.91795328222,-2336.58411871757,1452.04565100584,2336.70129118528,-1451.9384636542,-2336.60363459789,1452.02696998365,2336.68330673265,-1451.95587302793,-2336.62057720763,1452.01039605784,2336.66701120448,-1451.97197472949,-2336.63656576049,1451.99444221564,2336.65101431724,-1451.98809326394,-2336.65288695545,1451.97783326842,2336.63402660206,-1452.00555879821,-2336.67093988288,1451.95906984651,2336.6144123494,-1452.0261861175,-2336.69277037602,1451.93581042551,2336.58945230857,-1452.05317826413,-2336.72220490293,1451.90341790644,2336.55344293312,-1452.09366207824,-2336.76830285359,1451.85015457642,2336.4908429666,-1452.16874094745,-2336.86059764186,1451.73312630693,2336.33632348054,-1452.38448945035,-2337.18817398659,1451.15845591311,2334.92888022797,-1436.34470224893,-2344.27005360498,1436.3447022489,2344.270053605,-1436.34470224894,-2344.27005360497,1436.34470224892,2344.27005360499,-1436.34470224889,-2344.270053605,1436.34470224893,2344.27005360497,-1436.34470224891,-2344.27005360499,1436.34470224888,2344.27005360501,-1436.34470224892,-2344.27005360494,1436.34470224896,2344.27005360496,-1436.34470224894,-2344.27005360497,1436.34470224897,2344.27005360494,-1436.34470224895,-2344.27005360497,1436.34470224893,2344.27005360498,-1436.34470224897,-2344.27005360495,1436.34470224894,2344.27005360497
"re(SP(Di8)) [uv]",1071.49288343955,1363.56560691931,-1097.48360602917,-1366.12602527991,1096.18667715834,1365.32221273284,-1096.71897387317,-1365.67990000532,1096.48420204304,1365.537008499,-1096.55537728219,-1365.55033369638,1096.58994946219,1365.62541667364,-1096.47998649143,-1365.48496067719,1096.64745566471,1365.67664130056,-1096.43384738511,-1365.44298600556,1096.68598825283,1365.71230769529,-1096.40058105004,-1365.41173702777,1096.71553839187,1365.74042765646,-1096.37366161818,-1365.38581914192,1096.74062958313,1365.76484807756,-1096.34977074193,-1365.36232777372,1096.76384328154,1365.78790036892,-1096.32676678956,-1365.33926004246,1096.78708816385,1365.81143928621,-1096.30281103419,-1365.31475606113,1096.81228339544,1365.83748402517,-1096.27573895283,-1365.28645386025,1096.84205018534,1365.86899021052,-1096.24216697135,-1365.25042318312,1096.88101902896,1365.91149078631,-1096.19538852013,-1365.19841315967,1096.93950233135,1365.97809811072,-1096.11840946912,-1365.10791484256,1097.04807760397,1366.11162586625,-1095.94900827536,-1364.88408497144,1097.36091832761,1366.58738009185,-1095.11187056961,-1362.81629685569,1058.57956079346,1321.0212890609,-1069.77882633911,-1322.18919246336,1069.09326175617,1321.69018306723,-1069.48990054516,-1322.02110779905,1069.20518184558,1321.77090091244,-1069.42846686632,-1321.97247939391,1069.2448537923,1321.80405648077,-1069.40020131139,-1321.94797570732,1069.26640419551,1321.82324928388,-1069.38291682479,-1321.9322536481,1069.2808350128,1321.83660500622,-1069.37046128556,-1321.92055471851,1069.2918968018,1321.84713040191,-1069.36038618366,-1321.91085532407,1069.30128601457,1321.85626785197,-1069.35144759795,-1321.9020669083,1069.30996987189,1321.8648906622,-1069.34284353193,-1321.89343965208,1069.31866270875,1321.87369276998,-1069.33388626396,-1321.88427814041,1069.32808188051,1321.8834286925,-1069.32376720569,-1321.87370026769,1069.33920605539,1321.89520168643,-1069.31122365392,-1321.86023964821,1069.35376249492,1321.91107518279,-1069.29375506425,-1321.84082068556,1069.37559425984,1321.935934295,-1069.26503216004,-1321.80706324767,1069.41608050511,1321.98570342513,-1069.20192700479,-1321.72374396244,1069.53241092499,1322.16232007346,-1068.89212199429,-1320.96523052218,1061.32851639388,1328.03163270126,-1061.32851639387,-1328.03163270128,1061.32851639389,1328.03163270126,-1061.32851639388,-1328.03163270127,1061.32851639386,1328.03163270128,-1061.32851639388,-1328.03163270126,1061.32851639387,1328.03163270127,-1061.32851639386,-1328.03163270129,1061.32851639388,1328.03163270124,-1061.3285163939,-1328.03163270125,1061.32851639389,1328.03163270126,-1061.32851639391,-1328.03163270124,1061.3285163939,1328.03163270125,-1061.32851639388,-1328.03163270126,1061.32851639391,1328.03163270124,-1061.32851639389,-1328.03163270126
"re(SP(Dq8)) [uv]",-1312.93984838017,1100.76214340125,1367.78552697863,-1095.02784725548,-1364.39917520321,1097.5065164095,1366.37985191168,-1095.84548131652,-1364.94355501186,1097.11392592113,1366.08106612043,-1096.08198113031,-1365.13649149026,1096.95268352982,1365.94360701043,-1096.2011442037,-1365.24129134631,1096.85934965203,1365.8595539603,-1096.27759867635,-1365.31146614671,1096.79440331126,1365.79898542066,-1096.33448765539,-1365.3652565718,1096.74322148707,1365.74999348442,-1096.3816524221,-1365.41091282201,1096.69878966492,1365.70652885173,-1096.42438665728,-1365.45313845634,1096.65686105033,1365.66469155576,-1096.46633654066,-1365.49540704718,1096.61406131531,1365.62113755078,-1096.51088346871,-1365.54120661504,1096.56672180586,1365.57193533673,-1096.56231633183,-1365.59529548115,1096.5094785181,1365.51094576283,-1096.62776447919,-1365.66607123265,1096.43229960133,1365.42601200147,-1096.72218025768,-1365.77221706524,1096.31143624491,1365.28636502659,-1096.8863018695,-1365.96904898108,1096.06947943604,1364.97958323338,-1097.29133711791,-1366.53452691962,1095.21103006451,1363.47402600621,-1100.9756893911,-1325.7586786573,1069.01855695214,1321.74198455322,-1069.40788690209,-1321.92993502446,1069.29869778621,1321.86414723451,-1069.33656278781,-1321.88235090426,1069.33305884526,1321.89032226092,-1069.31582993252,-1321.86542782654,1069.34720819717,1321.90238903631,-1069.30536597418,-1321.85622262282,1069.35540824185,1321.90977527362,-1069.29864617322,-1321.85005367691,1069.36111848453,1321.91510140616,-1069.29364290587,-1321.8453222987,1069.36562097245,1321.91941176044,-1069.28949283495,-1321.84130452215,1069.36953141524,1321.92323747847,-1069.28573102272,-1321.83758710797,1069.37322304762,1321.92692143503,-1069.28203678682,-1321.83386443554,1069.37699287768,1321.93075809306,-1069.27811225395,-1321.82982911554,1069.38116433876,1321.93509418741,-1069.27357903656,-1321.82506120528,1069.38621097693,1321.94047185849,-1069.26780736793,-1321.81881869727,1069.39301945671,1321.94796590318,-1069.25947488842,-1321.80944873337,1069.40369154555,1321.9603004936,-1069.24497309336,-1321.79204881854,1069.42509238615,1321.9874543009,-1069.20908869042,-1321.74188212108,1069.5014125673,1322.12184290549,-1068.87647703693,-1328.03163270125,1061.32851639387,1328.03163270127,-1061.32851639385,-1328.03163270124,1061.32851639387,1328.03163270126,-1061.32851639386,-1328.03163270127,1061.32851639385,1328.03163270125,-1061.32851639387,-1328.03163270126,1061.32851639386,1328.03163270127,-1061.32851639384,-1328.03163270126,1061.3285163939,1328.03163270124,-1061.32851639389,-1328.03163270125,1061.32851639387,1328.03163270123,-1061.3285163939,-1328.03163270124,1061.32851639388,1328.03163270125,-1061.32851639387,-1328.03163270123,1061.32851639389,1328.03163270125,-1061.32851639388
"re(SP(Di9)) [uv]",423.298635077097,-681.15152183858,-439.155891622868,679.452218287596,438.134616741322,-680.21145999416,-438.750114782697,679.688218743943,438.291735796811,-680.098155002105,-438.663885119893,679.756471167548,438.347415145249,-680.051622872159,-438.624216952895,679.790859090935,438.377657887117,-680.024689144967,-438.599961596931,679.812921573979,438.397908129768,-680.005947768645,-438.582483593979,679.829337708143,438.413430065845,-679.991178638011,-438.568346435965,679.842947566437,438.426604580109,-679.978357487412,-438.555804417586,679.855278782971,438.438788997284,-679.966258815696,-438.543732134921,679.867383514258,438.450985652963,-679.953908937949,-438.531164653949,679.880237459084,438.464200999112,-679.940249294621,-438.51696758678,679.895078111908,438.479807962462,-679.923732216199,-438.499369629135,679.91396245536,438.500229418996,-679.901463335495,-438.474863354217,679.941204421417,438.530855636304,-679.866590992883,-438.434571853283,679.988556856355,438.587644815797,-679.796783840991,-438.34606408266,680.105407439326,438.750774879614,-679.549154740072,-437.911829457493,681.167629370385,427.980402029426,-666.713735615003,-425.86709153984,666.934758051475,425.983629228473,-666.8590381287,-425.930392118948,666.897813974342,425.958986801732,-666.876830435962,-425.943944437137,666.8870801101,425.950225811601,-666.88415516578,-425.950190849382,666.881663568292,425.945460975493,-666.888399608128,-425.954013975644,666.878185455587,425.942268035242,-666.891355085127,-425.956770606901,666.875595963889,425.93981929378,-666.893685335443,-425.95900139328,666.873448154477,425.937739973555,-666.895709086325,-425.960981277078,666.871501362387,425.935816176794,-666.897619522383,-425.962887722616,666.869589615596,425.933889732783,-666.89957035102,-425.964873114117,666.867558771106,425.931801580358,-666.901728929255,-425.967116859276,666.865213050102,425.929334446919,-666.904340255878,-425.969899437486,666.862226648346,425.926104471976,-666.907863013789,-425.973776839228,666.857915531814,425.921256687441,-666.913384338912,-425.980158083159,666.850413363877,425.912255632204,-666.924454503665,-425.994203176211,666.831854110389,425.88631295454,-666.963914034493,-426.063659895628,666.660118920839,428.73189891641,-664.686959962245,-428.731898916418,664.686959962241,428.731898916406,-664.686959962247,-428.731898916413,664.686959962242,428.731898916421,-664.686959962238,-428.731898916409,664.686959962246,428.731898916416,-664.686959962241,-428.731898916423,664.686959962237,428.731898916412,-664.686959962256,-428.7318989164,664.686959962252,428.731898916407,-664.686959962247,-428.731898916395,664.686959962255,428.731898916402,-664.686959962251,-428.73189891641,664.686959962245,428.731898916398,-664.686959962254,-428.731898916405,664.686959962249
"re(SP(Dq9)) [uv]",668.003876143204,437.499190370816,-680.398151793044,-438.799480795732,679.700212511902,438.336574494995,-680.033718198541,-438.586867687638,679.84200030048,438.438934420918,-679.955758426738,-438.525125437643,679.892391591509,438.481062762116,-679.919833400408,-438.493974245483,679.919793985759,438.505471796409,-679.897847757624,-438.473973063015,679.938154932339,438.522466936221,-679.881996299,-438.459082918363,679.952235544232,438.535866037613,-679.869169276597,-438.446733156455,679.964191364452,438.547502215572,-679.857785446147,-438.435539710585,679.975252481653,438.558486402878,-679.846824312624,-438.424548207893,679.986328373692,438.56970237735,-679.835409742672,-438.412872439378,679.998333487871,438.582112241841,-679.822510395422,-438.399386993383,680.012516748281,438.597124250668,-679.806514122399,-438.38221925755,680.031084391626,438.617374605318,-679.78422555932,-438.35743810375,680.058949734463,438.649110610223,-679.74754801564,-438.314319451767,680.110680867449,438.712729807064,-679.666837989185,-438.207679078999,680.259725555126,438.939382026892,-679.268046213152,-437.222773809807,663.690716384548,425.688283285046,-667.022466201573,-426.044785677917,666.809814648479,425.887770354126,-666.936300577825,-425.994658971644,666.843191468211,425.911841878782,-666.917980029989,-425.980157224309,666.855022224759,425.921729331265,-666.909550865212,-425.972849911845,666.861448820327,425.927452853522,-666.904396432048,-425.968161417816,666.86575224713,425.931435671524,-666.900682061482,-425.964672678957,666.869050981649,425.934574445927,-666.89767757115,-425.961780230104,666.871850929616,425.937299314238,-666.895012007626,-425.95915945017,666.874440527756,425.939870706075,-666.892446207009,-425.956586735618,666.87703279739,425.942495559501,-666.889775085343,-425.953854708761,666.879841658431,425.945398875799,-666.886757517586,-425.950700321936,666.883158953325,425.948909649464,-666.883016962478,-425.946686296075,666.887499753907,425.953643197453,-666.877807756925,-425.940895489219,666.894010057256,425.961056252451,-666.869242526309,-425.930828974629,666.906083075788,425.975897377218,-666.850424696311,-425.905983491922,666.940772024341,426.028562477083,-666.758047051318,-425.679829594741,664.686959962249,428.731898916418,-664.686959962244,-428.731898916425,664.686959962253,428.731898916413,-664.686959962248,-428.731898916421,664.686959962243,428.731898916428,-664.686959962251,-428.731898916416,664.686959962246,428.731898916423,-664.686959962241,-428.73189891643,664.686959962249,428.7318989164,-664.686959962256,-428.731898916406,664.686959962252,428.731898916414,-664.686959962258,-428.731898916401,664.686959962255,428.73189891641,-664.68695996225,-428.731898916417,664.686959962257,428.731898916404,-664.686959962253,-428.731898916412
"re(SP(Di10)) [uv]",-944.577271865603,-601.724321468309,971.591453888468,604.447627602277,-970.102067594946,-603.437747598384,970.848350602095,604.014659106588,-970.390602859856,-603.645953784535,970.689826413816,603.889141926155,-970.493025103395,-603.731568143066,970.616827928131,603.825850603844,-970.548694568343,-603.781152318663,970.572169899603,603.785226191274,-970.585985232324,-603.815667133636,970.539979410947,603.754989360783,-970.614576876387,-603.84287375227,970.513935457015,603.729915422601,-970.638850066019,-603.866497121104,970.490825225519,603.707192489523,-970.661303590122,-603.888793715303,970.468576188476,603.684882571733,-970.683784023813,-603.911557679999,970.445409970748,603.661187096138,-970.70814699313,-603.936741083735,970.419234290724,603.633823217088,-970.736925592097,-603.967199866802,970.386780050057,603.598994051218,-970.774592714901,-604.00827809894,970.341570310249,603.548732131573,-970.831105351072,-604.072634543605,970.267201262363,603.461314119334,-970.93596784523,-604.201570193515,970.103668074925,603.245312065328,-971.237719769193,-604.660106903037,969.297995088202,601.263320069084,-940.641398301756,-585.04102722386,945.787735598936,585.595260203965,-945.452844929819,-585.345121089102,945.656494946031,585.518934746267,-945.50365766026,-585.38176354694,945.628608923191,585.49686264131,-945.521663630577,-585.396811334822,945.615780902381,585.485742210743,-945.53144354826,-585.405521152746,945.607937237827,585.47860769312,-945.537992012024,-585.411581670599,945.602285276423,585.473299124244,-945.543011410662,-585.416357623139,945.59771369463,585.468898063851,-945.547271686321,-585.420503624841,945.593657962094,585.464910504044,-945.551211770205,-585.424415975993,945.589754149483,585.460996203656,-945.555155790965,-585.428409538744,945.585690226137,585.456839652697,-945.559429201459,-585.432826614047,945.581099372679,585.452040692766,-945.564475951771,-585.438167654731,945.575408824163,585.445934185137,-945.571079491792,-585.445368566599,945.567484443688,585.437125212514,-945.580982766415,-585.456644825935,945.5544559077,585.421813547278,-945.599345749782,-585.479217060233,945.525837055137,585.384030527344,-945.652092141109,-585.559283344751,945.385441481116,585.040630722311,-942.472144338941,-590.673327486931,942.472144338934,590.67332748694,-942.472144338945,-590.673327486923,942.472144338939,590.673327486935,-942.472144338932,-590.673327486944,942.472144338942,590.673327486928,-942.472144338937,-590.673327486938,942.472144338929,590.673327486947,-942.47214433894,-590.673327486904,942.47214433895,590.673327486913,-942.472144338945,-590.673327486924,942.472144338954,590.673327486906,-942.472144338949,-590.673327486918,942.472144338942,590.673327486929,-942.472144338952,-590.67332748691,942.472144338946,590.673327486922
"re(SP(Dq10)) [uv]",581.081895923641,-972.430790945866,-604.800485942112,969.858108656029,603.230584749966,-971.040814960347,-604.200957834241,970.206696370503,603.462623970361,-970.873498437307,-604.073632066568,970.307471884676,603.544831818788,-970.804798299627,-604.015067524443,970.358239680124,603.589479059297,-970.765036860829,-603.979260658215,970.390808855622,603.619372567331,-970.737371083836,-603.953460146296,970.415041614077,603.642285124778,-970.715569976638,-603.932592096563,970.435131138014,603.661731876837,-970.69664497187,-603.914079256622,970.453332681674,603.679716601413,-970.678786944291,-603.896260312191,970.471199388526,603.697718855484,-970.660558671756,-603.877711001618,970.49017136519,603.717224091967,-970.64039783959,-603.856757142652,970.512074915242,603.740258435923,-970.616020496354,-603.830784816848,970.539945467395,603.770397177658,-970.583155692523,-603.794618553282,970.580148404391,603.815593679825,-970.531694050674,-603.735161192941,970.650023488391,603.899391173064,-970.42869164782,-603.604572407394,970.822418513963,604.140040284957,-970.063447336784,-602.964280299488,972.387418670794,590.078340811876,-945.203733307372,-585.263881398464,945.685590609189,585.524281038884,-945.511298164036,-585.397333893419,945.607820661127,585.472449169689,-945.548702235869,-585.425813899428,945.585269847238,585.454047181965,-945.564084714758,-585.438929896246,945.573897811737,585.444044492336,-945.572994102649,-585.44695422651,945.566598189578,585.437343840059,-945.579196018856,-585.452738529728,945.561164902243,585.432206145373,-945.584084864705,-585.457418479327,945.556659234144,585.427844344872,-945.588329916667,-585.461571342826,945.552575947373,585.423809451059,-945.592336629422,-585.4655695286,945.548566802078,585.419769644296,-945.596427407483,-585.46973261367,945.54430858533,585.415391452409,-945.60095306108,-585.474436613011,945.539391027947,585.410219624697,-945.606426871084,-585.480269070282,945.533131719595,585.403450241073,-945.613809348632,-585.488394128359,945.524098593673,585.393293610792,-945.625375847114,-585.501760353376,945.508386815666,585.374446098369,-945.648550782293,-585.531154868669,945.469559427457,585.320201223581,-945.730988789608,-585.676030837741,945.112963009882,590.673327486919,-942.472144338934,-590.67332748693,942.472144338927,590.673327486912,-942.472144338938,-590.673327486923,942.472144338931,590.673327486933,-942.472144338925,-590.673327486918,942.472144338936,590.673327486926,-942.472144338929,-590.673327486937,942.472144338924,590.673327486921,-942.472144338951,-590.673327486904,942.472144338945,590.673327486913,-942.472144338938,-590.673327486898,942.472144338949,590.673327486908,-942.472144338943,-590.673327486918,942.472144338936,590.673327486901,-942.472144338947,-590.673327486912,942.47214433894
"re(SP(Di11)) [uv]",-906.375403026377,758.243676597234,944.683089389687,-754.295316964992,-942.378764322763,755.963872963615,943.698467409497,-754.868099706499,-942.760144583548,755.68882261335,943.489131450158,-755.033800017619,-942.895324958603,755.575847174147,943.392818889589,-755.117293968035,-942.96875561176,755.510449997538,943.333924242157,-755.170864707761,-943.017926507082,755.464942429788,943.291483995368,-755.210726853812,-943.055617636214,755.429079028036,943.257154944117,-755.243775700155,-943.087609549845,755.39794499171,943.226698541185,-755.273720388513,-943.11719793696,755.36856464897,943.1973821045,-755.303115801245,-943.146816760888,755.338573550708,943.166862376841,-755.334331395858,-943.178910222228,755.305400890434,943.132384333281,-755.370372671185,-943.216812811664,755.265287699045,943.089645762816,-755.416235793783,-943.266409510571,755.211203654897,943.030127088088,-755.482399550172,-943.340793853947,755.126504971175,942.932264319395,-755.597415055252,-943.4787343312,754.956938124465,942.717262828988,-755.881283060793,-943.875063467665,754.355236367846,941.661872839988,-758.464805109024,-913.405460126108,742.695869254813,912.421581766343,-742.797194266168,-912.455795121958,742.789670456622,912.463068990589,-742.772845384982,-912.43950490197,742.801455000122,912.472057419148,-742.765719007539,-912.433683692757,742.806325050573,912.476212766085,-742.762114063235,-912.430511222918,742.809152028155,912.47875992444,-742.759796118207,-912.428382782483,742.811122637288,912.480598351013,-742.758068807099,-912.426749045434,742.812677602108,912.482087201296,-742.756635098958,-912.42536083346,742.814028923798,912.483409431303,-742.755334776175,-912.42407568256,742.815305333654,912.484683357994,-742.754057123526,-912.42278802164,742.816609483741,912.48601081019,-742.752699075943,-912.421391435311,742.81805340246,912.487511947496,-742.751129442446,-912.419740259693,742.819801416629,912.489374975966,-742.749129511625,-912.417576704386,742.822161692527,912.491973596246,-742.74623931615,-912.414325586035,742.825865988327,912.496256785408,-742.7412010257,-912.408276756334,742.833311232966,912.505712444069,-742.728689293457,-912.390753688927,742.860045168987,912.553036677078,-742.609825568225,-915.491261697325,737.03468818586,915.491261697334,-737.034688185851,-915.491261697319,737.034688185867,915.491261697329,-737.034688185856,-915.491261697336,737.034688185847,915.491261697324,-737.034688185863,-915.491261697331,737.034688185852,915.491261697339,-737.034688185844,-915.491261697327,737.034688185886,915.491261697313,-737.034688185877,-915.491261697321,737.034688185867,915.491261697309,-737.034688185883,-915.491261697316,737.034688185873,915.491261697325,-737.034688185863,-915.491261697311,737.034688185881,915.491261697319,-737.034688185869
"re(SP(Dq11)) [uv]",-746.828320608242,-942.420615493316,755.6444924914,943.328869848119,-755.242164406564,-943.125965650799,755.334859195016,943.147647424669,-755.363227996546,-943.213461322921,755.268168237778,943.094798762719,-755.406380635396,-943.249551487572,755.237382672789,943.068096991518,-755.429874467423,-943.270483156268,755.218525753297,943.050939339979,-755.445627403627,-943.285066269751,755.204922290196,943.038159356593,-755.457713915649,-943.296568993076,755.193909578843,943.027555383815,-755.467980583918,-943.306562074567,755.184132357651,943.017940854722,-755.477482251866,-943.315998446796,755.174715007846,943.008496627937,-755.486999783609,-943.325637164932,755.164904781539,942.998461037928,-755.497319378978,-943.336305670067,755.153814414745,942.986865606102,-755.509516105067,-943.349216499433,755.140055463938,942.972097175696,-755.525490972266,-943.366641687939,755.120873297986,942.950765961184,-755.54948187349,-943.393971374123,755.089279753334,942.913612497803,-755.594073102822,-943.448835315768,755.019635847489,942.821520915979,-755.722928396054,-943.645131401238,754.673112990572,941.957790848527,-735.444454283069,-911.871033300643,743.087313422036,912.658771905481,-742.630031281354,-912.329354031148,742.889273685882,912.54354539795,-742.706761082183,-912.384694897353,742.847152818128,912.51020339866,-742.733962630945,-912.407428774567,742.82777163368,912.493401469945,-742.748739668103,-912.420589326951,742.815919527535,912.482620657625,-742.758635122163,-912.42974762345,742.807378459373,912.474598374915,-742.766220535628,-912.436965247624,742.800469587584,912.467947112472,-742.772659119519,-912.443231211072,742.794339971543,912.461920453091,-742.778614099383,-912.449144348843,742.78843966674,912.456004224403,-742.784575321963,-912.455180527121,742.782297062504,912.449721532946,-742.791034733809,-912.46185718445,742.775357631575,912.44246742594,-742.798663518893,-912.469930957815,742.766755375753,912.43323620335,-742.808646307428,-912.480817051509,742.754775278401,912.419918421501,-742.823618951376,-912.497866077262,742.735076138222,912.396766116195,-742.851386611478,-912.532001123244,742.691793240108,912.339616701677,-742.931182508643,-912.653159086913,742.479238527804,911.819000222276,-737.034688185872,-915.491261697334,737.034688185861,915.491261697341,-737.034688185879,-915.491261697329,737.034688185868,915.491261697337,-737.034688185857,-915.491261697344,737.034688185873,915.491261697332,-737.034688185865,-915.491261697339,737.034688185854,915.491261697348,-737.034688185869,-915.491261697312,737.034688185885,915.491261697321,-737.034688185878,-915.49126169733,737.034688185892,915.491261697316,-737.034688185883,-915.491261697325,737.034688185873,915.491261697333,-737.034688185888,-915.491261697318,737.03468818588,915.491261697328
"re(SP(Di12)) [uv]",2149.97512508028,2156.44344962206,-2199.6147190918,-2161.42066273916,2197.00476250496,2159.73339490542,-2198.18423402169,-2160.5863915689,2197.56102028269,2160.1349230633,-2197.87844601427,-2160.34423002825,2197.75865209683,2160.30014145549,-2197.73756039334,-2160.22206920926,2197.86610919387,2160.3958581745,-2197.65134833655,-2160.14364015686,2197.93810538036,2160.4624978469,-2197.58919399212,-2160.08525590653,2197.99331479919,2160.51503450562,-2197.53890094097,-2160.03683462699,2198.04019103781,2160.56065705692,-2197.4942681989,-2159.99294873087,2198.08355772394,2160.60372174304,-2197.45129428035,-2159.94985613169,2198.12698078595,2160.64769360084,-2197.40654424653,-2159.90408251596,2198.17404511397,2160.69634421187,-2197.35597522781,-2159.85121639499,2198.22964620533,2160.75519345522,-2197.29326832009,-2159.78391815407,2198.30243107713,2160.83457326458,-2197.20590042211,-2159.68678155379,2198.41165462727,2160.9589655269,-2197.06214345771,-2159.51778448608,2198.61439879563,2161.2082888034,-2196.74586153189,-2159.09992387571,2199.19834568322,2162.09612588196,-2195.18429106832,-2155.24731012724,2132.04727094369,2096.03004305855,-2148.26671167257,-2097.74966619763,2147.24927718186,2097.00389931762,-2147.8459524183,-2097.50486362488,2147.41228853738,2097.12146847971,-2147.75646946531,-2097.43403133708,2147.47007559954,2097.16976416607,-2147.71529638562,-2097.39833771281,2147.50146749583,2097.19772197539,-2147.69011825315,-2097.37543544277,2147.52248890956,2097.21717737293,-2147.67197409299,-2097.35839338757,2147.53860288232,2097.232510016,-2147.6572973625,-2097.34426392256,2147.55228053148,2097.24582094731,-2147.64427609226,-2097.33146137984,2147.56493078992,2097.25838230598,-2147.63174200866,-2097.31889348283,2147.57759425383,2097.2712049844,-2147.61869326397,-2097.30554716611,2147.59131596121,2097.28538816826,-2147.60395189048,-2097.29013734936,2147.60752167974,2097.30253914375,-2147.58567829751,-2097.27052768822,2147.6287278358,2097.32566412002,-2147.56022941964,-2097.2422372844,2147.66053350805,2097.36188044025,-2147.51838375277,-2097.19305647591,2147.71951809587,2097.43439030554,-2147.42644268251,-2097.07166155752,2147.88901544665,2097.69174044989,-2146.97497658486,-2095.9659854359,2136.27572683195,2108.29123192759,-2136.27572683192,-2108.29123192761,2136.27572683196,2108.29123192758,-2136.27572683194,-2108.2912319276,2136.27572683191,2108.29123192762,-2136.27572683195,-2108.29123192758,2136.27572683193,2108.29123192761,-2136.27572683191,-2108.29123192763,2136.27572683194,2108.29123192753,-2136.27572683198,-2108.29123192755,2136.27572683196,2108.29123192758,-2136.27572683199,-2108.29123192754,2136.27572683197,2108.29123192757,-2136.27572683195,-2108.29123192759,2136.27572683198,2108.29123192755,-2136.27572683196,-2108.29123192757
"re(SP(Dq12)) [uv]",-2085.26760913754,2203.86708704791,2163.51664625674,-2195.5428023377,-2158.55850739717,2199.19929587525,2161.50079595373,-2196.71545039013,-2159.33928943042,2198.63620330355,2161.07223895863,-2197.05467388911,-2159.61603110416,2198.40492037365,2160.8750687371,-2197.22560158079,-2159.76635705583,2198.27104064482,2160.7545010342,-2197.33527015678,-2159.8670182623,2198.17787900213,2160.6676188063,-2197.41687450302,-2159.94417810846,2198.10446087539,2160.59734180047,-2197.48453067147,-2160.00967051852,2198.04072472182,2160.53499291285,-2197.5458319569,-2160.07024235818,2197.98057882275,2160.47497788133,-2197.60600862139,-2160.13087633465,2197.91918279145,2160.41249971622,-2197.66991127629,-2160.1965760545,2197.85127385668,2160.34191854236,-2197.74369253224,-2160.2741675973,2197.76915700081,2160.2544272859,-2197.83758004122,-2160.37569808328,2197.65844051172,2160.13258562831,-2197.973024747,-2160.52797099997,2197.48505334725,2159.93225064161,-2198.20847249625,-2160.81034746479,2197.13793623888,2159.49212731372,-2198.78956664173,-2161.6216484739,2195.90624723745,2157.33178970819,-2204.07762613135,-2105.17621945593,2146.96850752132,2096.99554838242,-2147.77956483454,-2097.40945640552,2147.52065370756,2097.23588817709,-2147.63933870678,-2097.31593840436,2147.58816829933,2097.28730985542,-2147.5986134183,-2097.28269986374,2147.615956772,2097.31100670604,-2147.57806535244,-2097.2646244951,2147.6320577161,2097.32550916934,-2147.56487185427,-2097.25251291274,2147.64326839637,2097.33596546281,-2147.55504965672,-2097.24322469424,2147.65210708139,2097.34442679732,-2147.54690312802,-2097.23533801203,2147.65978292725,2097.351936197,-2147.53951930144,-2097.22804146217,2147.66702874417,2097.35916682059,-2147.53226863008,-2097.22073510793,2147.67442752055,2097.36669661866,-2147.52456651226,-2097.21281571469,2147.68261393275,2097.37520594739,-2147.51567052991,-2097.20345937954,2147.6925169983,2097.38575833818,-2147.50434531654,-2097.19121063534,2147.70587584458,2097.40046181623,-2147.48799743797,-2097.17282805914,2147.7268119853,2097.42465802817,-2147.45955180811,-2097.13870041863,2147.76878278572,2097.47790472457,-2147.38919680809,-2097.04036695374,2147.91832464855,2097.74104172775,-2146.73919773168,-2108.29123192757,2136.27572683192,2108.29123192759,-2136.2757268319,-2108.29123192755,2136.27572683194,2108.29123192758,-2136.27572683191,-2108.2912319276,2136.27572683189,2108.29123192756,-2136.27572683192,-2108.29123192758,2136.2757268319,2108.29123192761,-2136.27572683188,-2108.29123192757,2136.27572683198,2108.29123192753,-2136.27572683196,-2108.29123192755,2136.27572683193,2108.29123192752,-2136.27572683197,-2108.29123192754,2136.27572683195,2108.29123192756,-2136.27572683193,-2108.29123192753,2136.27572683196,2108.29123192755,-2136.27572683194
"re(SP(Di13)) [uv]",857.990872802927,-2359.26789411036,-897.902451241301,2354.91376119836,895.145916053159,-2357.05612240118,-896.952030947925,2355.46558477263,895.51295516961,-2356.79159372927,-896.750799135413,2355.62481287712,895.642818642984,-2356.68308682548,-896.658313817685,2355.70497583759,895.713309769521,-2356.62031543184,-896.601790168354,2355.75638474304,895.760492064428,-2356.57665198628,-896.561072923992,2355.79462576398,895.796647878288,-2356.54225168588,-896.528146419343,2355.82632248282,895.827329146559,-2356.51239481099,-896.498940965586,2355.85503571189,895.855699239322,-2356.48422565949,-896.470834538709,2355.88321639773,895.884092627937,-2356.45547690903,-896.441580617225,2355.91313569604,895.914851619208,-2356.42368542497,-896.408540076201,2355.9476721381,895.951169281518,-2356.38525225776,-896.367594499373,2355.99160772009,895.998677480315,-2356.33345047634,-896.310593228072,2356.05496584389,896.069898549576,-2356.25236542681,-896.216921396998,2356.1650341962,896.201874586698,-2356.09017789041,-896.011353183097,2356.4363119699,896.580355875504,-2355.51621836983,-895.006758839424,2358.88069146917,882.772717898039,-2286.60438434602,-868.550396690339,2288.04748903892,869.351082839799,-2287.49623516858,-868.936903772415,2287.82235357969,869.201072649359,-2287.60447153937,-869.019307193138,2287.75711111104,869.147836846399,-2287.6489696688,-869.057247165159,2287.72421707925,869.118904668468,-2287.67473877657,-869.080455761839,2287.70310504108,869.099525395673,-2287.69267527486,-869.097184177718,2287.68739204633,869.084667491522,-2287.70681330625,-869.110717905112,2287.6743624982,869.072054152193,-2287.71908887416,-869.122726734649,2287.66255501172,869.06038674605,-2287.73067464936,-869.134287712424,2287.6509624852,869.04870570437,-2287.74250292735,-869.146324911178,2287.63865037941,869.036046871971,-2287.75558794375,-869.159925386823,2287.62443266125,869.021094234151,-2287.77141340613,-869.176787450719,2287.60633687535,869.001524202588,-2287.7927554033,-869.200275609977,2287.58022434183,868.972164773758,-2287.82618915277,-869.238910071935,2287.53481226687,868.917692449584,-2287.89316382463,-869.323851647202,2287.42262558281,868.760985129818,-2288.13125517414,-869.742063935675,2286.39468811337,882.975053716091,-2283.72737539451,-882.975053716117,2283.7273753945,882.975053716076,-2283.72737539452,-882.9750537161,2283.72737539451,882.975053716127,-2283.7273753945,-882.975053716088,2283.72737539451,882.975053716109,-2283.72737539451,-882.975053716135,2283.72737539449,882.975053716099,-2283.72737539454,-882.975053716057,2283.72737539453,882.975053716077,-2283.72737539452,-882.975053716043,2283.72737539453,882.975053716064,-2283.72737539453,-882.975053716089,2283.72737539451,882.97505371605,-2283.72737539453,-882.975053716074,2283.72737539452
"re(SP(Dq13)) [uv]",2282.30378754261,890.282023388083,-2359.13594836506,-898.107978669239,2354.76027154363,895.071340388034,-2357.06117019405,-896.899622498429,2355.56534861001,895.652195521498,-2356.61896459053,-896.549518037401,2355.85101676923,895.890972405413,-2356.41538170096,-896.373013430508,2356.00626099082,896.029242936795,-2356.29085126543,-896.259733357795,2356.11024291639,896.125482868012,-2356.20109393622,-896.175424791957,2356.18996305732,896.201340159795,-2356.12847936012,-896.105515677251,2356.25763874282,896.267203290664,-2356.06404764481,-896.042164491986,2356.32023810387,896.329364434306,-2356.00201978625,-895.979967606185,2356.38290965316,896.392825691835,-2355.93743788112,-895.913911040236,2356.4508261835,896.463028461109,-2355.86446993387,-895.837631878399,2356.53104785353,896.547932441523,-2355.77400505805,-895.74054866294,2356.63603967537,896.662429940063,-2355.64799459035,-895.600460001249,2356.79354580571,896.841791866497,-2355.44073500182,-895.356844597866,2357.08576023294,897.20106678673,-2354.98509214904,-894.75507609814,2357.92629260769,898.478012860509,-2352.74246277276,-889.245292091265,2278.82584965337,868.378230967996,-2288.08852076931,-869.378053696191,2287.46667002863,868.901751606163,-2287.86323668744,-869.247180032417,2287.55374513814,868.96451955845,-2287.81548145166,-869.209389011142,2287.58456927856,868.990276236138,-2287.79352667311,-869.190358506859,2287.60130438932,869.005179157015,-2287.78010663877,-869.178152482126,2287.61250718197,869.015546696009,-2287.77043843653,-869.169072063572,2287.6210926315,869.023715438204,-2287.76261952545,-869.161545056432,2287.62837861934,869.03080576718,-2287.75568378671,-869.154726108049,2287.63511617905,869.037495704951,-2287.74900864694,-869.148033233303,2287.64185967061,869.044323698189,-2287.74206056678,-869.140927009357,2287.64916544921,869.051874835631,-2287.73421261833,-869.132723600969,2287.65779211057,869.061004180691,-2287.72448627538,-869.122286767418,2287.66907788878,869.073310244224,-2287.71094462321,-869.107234446273,2287.68599886625,869.092575541815,-2287.68868772063,-869.081080174301,2287.71736093212,869.13112012736,-2287.63982830193,-869.016593693136,2287.80734956251,869.26763023572,-2287.40075017333,-868.433849954689,2283.72737539452,882.975053716118,-2283.72737539451,-882.975053716143,2283.72737539453,882.975053716102,-2283.72737539452,-882.975053716129,2283.72737539451,882.975053716152,-2283.72737539452,-882.975053716113,2283.72737539452,882.975053716136,-2283.72737539451,-882.975053716162,2283.72737539452,882.975053716055,-2283.72737539454,-882.975053716076,2283.72737539453,882.975053716105,-2283.72737539454,-882.975053716063,2283.72737539454,882.97505371609,-2283.72737539452,-882.975053716115,2283.72737539454,882.97505371607,-2283.72737539453,-882.9750537161
"re(SP(Di14)) [uv]",-2461.31332250562,-1302.1301424965,2536.08604261202,1309.75036286835,-2531.86362620753,-1306.8476341582,2534.04103893325,1308.55905467791,-2532.65745078325,-1307.42041973804,2533.60495034043,1308.21377751335,-2532.93919016021,-1307.65591956205,2533.40415664098,1308.03968752562,-2533.09231334177,-1307.7923030996,2533.28132396759,1307.9279504256,-2533.19488012201,-1307.88723425305,2533.19278639172,1307.84478680684,-2533.27351830528,-1307.96206262338,2533.12115619671,1307.77582488356,-2533.34027753956,-1308.02703430113,2533.05759612843,1307.71333031131,-2533.40203085886,-1308.08835572421,2532.99640579407,1307.65197283501,-2533.46385699471,-1308.15096132679,2532.9326942287,1307.58680603851,-2533.53085917015,-1308.22021946062,2532.86070758679,1307.51155212615,-2533.61000324785,-1308.30398367647,2532.77145630581,1307.41577034849,-2533.71358871449,-1308.41694879876,2532.64713071807,1307.27755285566,-2533.86899349236,-1308.59392097596,2532.44262831799,1307.03717239829,-2534.15733611501,-1308.94844841734,2531.99298552242,1306.44329143212,-2534.98692457589,-1310.20894342843,2529.77867013425,1300.99906955404,-2454.32652837064,-1270.04776568553,2465.50025421568,1271.26176003054,-2464.75647253976,-1270.69945104357,2465.21928221666,1271.09841819303,-2464.86519252907,-1270.77784141621,2465.15963047693,1271.05120656743,-2464.90370461765,-1270.8100249068,2465.13219557574,1271.02742441934,-2464.92461934948,-1270.8286507217,2465.11542239206,1271.01216800963,-2464.93862228769,-1270.84161003942,2465.10333688762,1271.00081694256,-2464.94935488748,-1270.85182196346,2465.09356207008,1270.99140684111,-2464.95846386588,-1270.86068651138,2465.08489062085,1270.98288124126,-2464.96688787108,-1270.86905113593,2465.07654433846,1270.97451262319,-2464.97531994201,-1270.87758903439,2465.0678561082,1270.96562646234,-2464.98445583059,-1270.88703194662,2465.05804180755,1270.95536740156,-2464.99524446749,-1270.89844954073,2465.04587724724,1270.94231386167,-2465.00936024396,-1270.91384197658,2465.02893869568,1270.92348490219,-2465.03052770503,-1270.93794338103,2465.00109298625,1270.89076078922,-2465.06977122901,-1270.98617965348,2464.93993985162,1270.81003367457,-2465.18245283176,-1271.1571855578,2464.64021160408,1270.07782020925,-2459.12319917338,-1284.93744228859,2459.12319917336,1284.93744228862,-2459.12319917339,-1284.93744228858,2459.12319917338,1284.93744228861,-2459.12319917336,-1284.93744228863,2459.12319917338,1284.93744228859,-2459.12319917337,-1284.93744228861,2459.12319917335,1284.93744228864,-2459.12319917338,-1284.93744228853,2459.1231991734,1284.93744228855,-2459.12319917339,-1284.93744228858,2459.12319917341,1284.93744228853,-2459.12319917339,-1284.93744228856,2459.12319917338,1284.93744228859,-2459.1231991734,-1284.93744228854,2459.12319917339,1284.93744228857
"re(SP(Dq14)) [uv]",1260.13481057255,-2537.13849670041,-1310.04496959056,2531.66629317809,1306.64834221391,-2534.26270013203,-1308.80616991944,2532.38622219991,1307.12743759757,-2533.91729879356,-1308.54335616642,2532.59421417632,1307.29709514435,-2533.77552637139,-1308.4225059555,2532.69897107864,1307.38921920593,-2533.69348619986,-1308.34862741463,2532.76616771122,1307.4508939531,-2533.6364088315,-1308.29539935286,2532.8161604599,1307.49816225957,-2533.59143418654,-1308.25235024927,2532.85760289193,1307.53827813178,-2533.55239516492,-1308.21416198736,2532.89514849682,1307.57537598675,-2533.5155591469,-1308.17740707707,2532.9320014342,1307.61250801367,-2533.4779614368,-1308.13914771937,2532.97113202273,1307.65273789529,-2533.43637999666,-1308.09593133945,2533.01630636959,1307.70024361213,-2533.38610539471,-1308.04236834404,2533.07378292623,1307.7623964174,-2533.31833246484,-1307.96778919471,2533.15668375352,1307.85559120864,-2533.21222297959,-1307.84519852547,2533.30074661417,1308.02834760669,-2532.9998899092,-1307.57602384855,2533.656047983,1308.52422711586,-2532.24749048365,-1306.25775856691,2536.87304133226,1284.03359480884,-2463.97637065939,-1270.40517047581,2465.35785504932,1271.16365780926,-2464.84145000212,-1270.78032771373,2465.13927558511,1271.0179960006,-2464.94655813548,-1270.86035448514,2465.07591185942,1270.966291297,-2464.98977775463,-1270.8972052897,2465.04396146215,1270.93818858423,-2465.01480848401,-1270.91974920004,2465.02345379977,1270.919363861,-2465.03223190765,-1270.935999262,2465.00818997927,1270.90493055974,-2465.04596602337,-1270.94914644326,2464.99553248017,1270.89267729445,-2465.05789124503,-1270.96081262076,2464.98406182222,1270.88134264436,-2465.06914666746,-1270.97204402749,2464.97279969125,1270.86999444515,-2465.08063798518,-1270.98373839445,2464.96083816323,1270.85769597504,-2465.09335060107,-1270.99695190103,2464.94702486569,1270.84316854039,-2465.10872617659,-1271.01333476415,2464.92944316374,1270.82415426713,-2465.12946234083,-1271.03615646564,2464.90407118472,1270.79562701073,-2465.16194903583,-1271.07369735945,2464.85994341136,1270.74269362136,-2465.22703398815,-1271.15624620127,2464.75090999858,1270.59037712717,-2465.45848722181,-1271.56290760556,2463.75060862446,1284.93744228856,-2459.12319917337,-1284.93744228859,2459.12319917335,1284.93744228855,-2459.12319917337,-1284.93744228857,2459.12319917336,1284.9374422886,-2459.12319917335,-1284.93744228856,2459.12319917337,1284.93744228859,-2459.12319917336,-1284.93744228861,2459.12319917334,1284.93744228857,-2459.1231991734,-1284.93744228853,2459.12319917339,1284.93744228855,-2459.12319917337,-1284.93744228851,2459.1231991734,1284.93744228853,-2459.12319917338,-1284.93744228856,2459.12319917337,1284.93744228852,-2459.12319917339,-1284.93744228854,2459.12319917338
"re(SP(Di15)) [uv]",-1699.11117448068,2360.37628114118,1765.21737409393,-2353.29770179148,-1760.96170553746,2356.46247304842,1763.52805116803,-2354.28020326613,-1761.61580960005,2355.99077331128,1763.16906943412,-2354.56434372427,-1761.84760704287,2355.7970566247,1763.00392805366,-2354.70750298927,-1761.97350956903,2355.68492979552,1762.90295149551,-2354.79935044823,-1762.05781253409,2355.60690835336,1762.83018956968,-2354.86769173679,-1762.122431211,2355.5454236603,1762.77133582492,-2354.92435029367,-1762.17727739763,2355.49204855442,1762.71912276974,-2354.97568576154,-1762.22800172418,2355.44168119854,1762.66886528071,-2355.02607832782,-1762.27877696805,2355.39026809219,1762.6165462905,-2355.07958987138,-1762.3337930324,2355.33340240872,1762.55744329857,-2355.14137212671,-1762.3987654584,2355.26464114975,1762.48418231092,-2355.21998837212,-1762.48378074515,2355.17193498973,1762.38216182432,-2355.3333976049,-1762.61127869104,2355.02676033577,1762.21442711017,-2355.53052710964,-1762.84769350619,2354.73615153753,1761.84596745485,-2356.01697807645,-1763.52680610585,2353.70526928337,1760.03824431847,-2360.43908453088,-1719.16404567422,2301.69854652456,1709.82075534615,-2302.63242151438,-1710.31272314821,2302.31260942775,1710.08763814297,-2302.47679812609,-1710.20896886537,2302.38749907568,1710.1446689067,-2302.43163530073,-1710.17211163211,2302.41831080658,1710.17094238459,-2302.40885407785,-1710.15207267222,2302.43616019976,1710.18701918868,-2302.39422876613,-1710.13864704997,2302.44858687104,1710.19860938243,-2302.38334166295,-1710.1283520254,2302.45838344836,1710.20798754408,-2302.37431257466,-1710.11961108065,2302.4668905814,1710.21631007312,-2302.36612934302,-1710.1115246984,2302.47492061734,1710.22432315054,-2302.35809416956,-1710.10342794004,2302.48311967055,1710.23266726749,-2302.34955923254,-1710.09465237675,2302.49219096812,1710.2420962221,-2302.33970201663,-1710.08428526338,2302.50316365503,1710.25378811698,-2302.32715413337,-1710.07071448082,2302.51796395698,1710.2700776578,-2302.30904340596,-1710.05035039887,2302.54115588493,1710.29687961676,-2302.27753619642,-1710.01255221876,2302.58763685293,1710.35584182252,-2302.19964050507,-1709.90370166439,2302.75311920987,1710.64685120006,-2301.48201900884,-1721.47204932361,2293.23085125932,1721.47204932364,-2293.2308512593,-1721.4720493236,2293.23085125933,1721.47204932362,-2293.23085125931,-1721.47204932365,2293.23085125929,1721.47204932361,-2293.23085125932,-1721.47204932363,2293.23085125931,1721.47204932366,-2293.23085125929,-1721.47204932362,2293.23085125937,1721.47204932358,-2293.23085125935,-1721.4720493236,2293.23085125933,1721.47204932356,-2293.23085125936,-1721.47204932359,2293.23085125934,1721.47204932361,-2293.23085125932,-1721.47204932357,2293.23085125935,1721.4720493236,-2293.23085125933
"re(SP(Dq15)) [uv]",-2302.85893372917,-1758.26277571018,2357.2619523287,1763.74684019944,-2354.32106180111,-1761.79583476258,2355.72757245768,1762.85237307867,-2354.91731233659,-1762.2261648027,2355.3998857921,1762.59289068043,-2355.12906633694,-1762.40317995326,2355.24894738103,1762.46201802755,-2355.24418297324,-1762.50571645302,2355.15659507891,1762.37800496779,-2355.32130355982,-1762.57709791012,2355.0900192818,1762.31546848847,-2355.38043849891,-1762.63336922218,2355.03615182275,1762.2636065279,-2355.4306449814,-1762.68223233684,2354.98834940944,1762.21660456401,-2355.47709031938,-1762.72835369461,2354.94232579893,1762.17045438927,-2355.52359385884,-1762.77544440385,2354.89440229564,1762.1214353183,-2355.57399452157,-1762.8275431223,2354.84024993244,1762.0648238751,-2355.63353381662,-1762.89055965239,2354.77310367853,1761.99276252323,-2355.7114686283,-1762.97555425718,2354.67955810595,1761.8887601626,-2355.82840892024,-1763.10873061357,2354.52565536957,1761.70784397285,-2356.04544082649,-1763.37560666366,2354.18713496497,1761.26065259332,-2356.67027711432,-1764.32537428119,2352.51742491768,1757.14670668588,-2289.05346189045,-1709.07954927741,2302.99548040787,1710.56588636356,-2302.10873227192,-1709.91098209753,2302.63642717528,1710.35702289959,-2302.24779843099,-1710.01127482218,2302.56009690583,1710.29660396455,-2302.29708866251,-1710.05246836945,2302.52497918151,1710.26616029613,-2302.32386296075,-1710.07631343874,2302.50350510869,1710.24662745842,-2302.34179150381,-1710.09290624175,2302.48803072584,1710.2320931135,-2302.35553424358,-1710.10598254772,2302.47551388176,1710.22004306435,-2302.36719890729,-1710.11733440541,2302.46440911001,1710.20912488181,-2302.37798716665,-1710.12804679803,2302.45372002953,1710.19840701722,-2302.38878647776,-1710.13898183226,2302.44259226422,1710.18702554524,-2302.40048801409,-1710.15107683908,2302.43002131998,1710.17388465206,-2302.41430753652,-1710.16570234011,2302.41443861393,1710.15716274481,-2302.4323906917,-1710.18542156221,2302.39273795241,1710.13303932486,-2302.45951128196,-1710.21630267859,2302.35705733506,1710.09110501243,-2302.50980373161,-1710.27812559108,2302.27866984761,1709.98761047975,-2302.65429808139,-1710.49749026037,2301.89391754851,1709.04585199044,-2293.23085125934,-1721.47204932364,2293.23085125932,1721.47204932366,-2293.23085125935,-1721.47204932362,2293.23085125933,1721.47204932365,-2293.23085125931,-1721.47204932367,2293.23085125934,1721.47204932363,-2293.23085125933,-1721.47204932366,2293.23085125931,1721.47204932368,-2293.23085125934,-1721.47204932358,2293.23085125937,1721.4720493236,-2293.23085125935,-1721.47204932363,2293.23085125938,1721.47204932358,-2293.23085125936,-1721.47204932361,2293.23085125934,1721.47204932363,-2293.23085125937,-1721.47204932359,2293.23085125935,1721.47204932362
"re(SP(Di16)) [uv]",2925.30194819692,2418.3560914741,-3025.26501981777,-2428.32452886336,3019.8374380017,2424.66082320993,-3022.5316450666,-2426.73214069583,3020.898547557,2425.42648113407,-3021.94870701195,-2426.27059013247,3021.27516629886,2425.74129029646,-3021.68029072788,-2426.03786982678,3021.47985925931,2425.92360647776,-3021.51608877069,-2425.88850000342,3021.61697052744,2426.0505106964,-3021.39773128213,-2425.77732625412,3021.72209481355,2426.15054214349,-3021.30197505124,-2425.68513687427,3021.81133972689,2426.23739753574,-3021.21700661531,-2425.60159270936,3021.89389307169,2426.31937361309,-3021.13520567953,-2425.51956823202,3021.97654416974,2426.40306683171,-3021.05003386491,-2425.43245090079,3022.06611522169,2426.49565386213,-3020.95379911862,-2425.33184818094,3022.17191865031,2426.60763388831,-3020.83448351036,-2425.20380203446,3022.3103974627,2426.75865228043,-3020.66827737817,-2425.01902384552,3022.51815336918,2426.99524180166,-3020.39488232494,-2424.69766264892,3022.90363666923,2427.4692104291,-3019.79374841644,-2423.90368527457,3024.01275714505,2429.15447696892,-3016.83309063775,-2416.62352267355,2910.7655661551,2352.55445867636,-2931.18861817944,-2354.71972736009,2929.88516644534,2353.74905653742,-2930.6733398287,-2354.42011951891,2930.08460430367,2353.892866318,-2930.56390178108,-2354.33350136661,2930.15526349272,2353.9519155401,-2930.51356420065,-2354.2898651836,2930.19363897303,2353.98609159731,-2930.48278716594,-2354.26187100291,2930.21933336651,2354.00987121189,-2930.46061078458,-2354.24104213802,2930.23902749131,2354.02861002229,-2930.44267395573,-2354.22377446683,2930.25574268879,2354.04487677013,-2930.42676146819,-2354.20812953988,2930.27120126153,2354.06022645178,-2930.41144537015,-2354.19277237822,2930.28667494163,2354.07589441444,-2930.39550145119,-2354.17646514865,2930.30344054271,2354.09322354121,-2930.37749066927,-2354.15763804978,2930.32323962678,2354.1141770134,-2930.35516621382,-2354.1336819541,2930.34914536974,2354.14242597515,-2930.32407944013,-2354.0991254011,2930.38799421932,2354.18666013446,-2930.27297240434,-2354.03906357863,2930.46002340581,2354.27519747503,-2930.16072221184,-2353.89087703994,2930.66688140488,2354.58916007021,-2929.61031430086,-2352.54547101725,2918.08795851635,2373.30041958126,-2918.08795851633,-2373.30041958129,2918.08795851637,2373.30041958125,-2918.08795851634,-2373.30041958128,2918.08795851631,2373.30041958131,-2918.08795851636,-2373.30041958126,2918.08795851634,2373.30041958129,-2918.08795851631,-2373.30041958132,2918.08795851635,2373.30041958118,-2918.08795851639,-2373.30041958121,2918.08795851637,2373.30041958125,-2918.08795851641,-2373.30041958119,2918.08795851639,2373.30041958123,-2918.08795851636,-2373.30041958126,2918.08795851639,2373.3004195812,-2918.08795851638,-2373.30041958124
"re(SP(Dq16)) [uv]",-2335.05655862059,3028.86584223341,2429.89616645913,-3018.74884650502,-2423.74946343972,3023.36349748586,2427.52415068433,-3020.1277490887,-2424.66723800637,3022.70176359283,2427.0206041457,-3020.52628032682,-2424.99233135212,3022.43009326216,2426.78901891712,-3020.72703107246,-2425.16887707789,3022.27286914869,2426.64743352284,-3020.85581286535,-2425.28707791251,3022.16347784047,2426.54541833753,-3020.95162844588,-2425.37767282733,3022.07727810431,2426.46290835118,-3021.03105974682,-2425.45456224613,3022.00245201545,2426.38971229166,-3021.10302461463,-2425.525669481,3021.93184608183,2426.31926125198,-3021.17366412276,-2425.59684452616,3021.85977781723,2426.24592411108,-3021.24867191561,-2425.67396018349,3021.78007067074,2426.16308218413,-3021.33526793711,-2425.76502621173,3021.68369578502,2426.06040236185,-3021.44545138814,-2425.884175697,3021.55377039738,2425.91742669199,-3021.60438337195,-2426.06284615956,3021.35033561123,2425.68238773163,-3021.88059880188,-2426.39408879774,3020.94319001078,2425.16621874911,-3022.56197799466,-2427.34516908849,3019.49985510635,2422.63652021293,-3028.74126832104,-2371.15819494687,2929.00645002756,2353.47868358591,-2930.75680045176,-2354.41944509525,2930.13071616069,2353.96636092834,-2930.47263615785,-2354.23006767134,2930.26737358048,2354.07041099557,-2930.39024977587,-2354.16283957718,2930.32356973211,2354.11832656962,-2930.34870566576,-2354.12629823825,2930.35611683739,2354.14764025865,-2930.32203956484,-2354.10182035267,2930.3787726989,2354.16877046609,-2930.30219171182,-2354.08305237771,2930.39663156245,2354.18586617365,-2930.28573270622,-2354.06711896743,2930.41213844654,2354.20103625149,-2930.27081683295,-2354.05237991437,2930.42677451267,2354.21564112541,-2930.25617196955,-2354.03762309364,2930.44171747815,2354.23084816953,-2930.24061747507,-2354.02163040399,2930.45824876122,2354.24803085284,-2930.22265477641,-2354.00273898712,2930.47824316427,2354.26933520918,-2930.19979135653,-2353.97801253504,2930.50520891114,2354.2990131796,-2930.16679675368,-2353.94091447115,2930.5474562946,2354.34783370093,-2930.1094096964,-2353.87207514441,2930.63209979823,2354.45519106643,-2929.96760490484,-2353.6739712148,2930.93314571477,2354.98417929771,-2928.66604896969,-2373.30041958123,2918.08795851633,2373.30041958126,-2918.0879585163,-2373.30041958121,2918.08795851634,2373.30041958124,-2918.08795851632,-2373.30041958127,2918.08795851629,2373.30041958123,-2918.08795851633,-2373.30041958125,2918.0879585163,2373.30041958129,-2918.08795851628,-2373.30041958124,2918.0879585164,2373.30041958118,-2918.08795851637,-2373.30041958121,2918.08795851634,2373.30041958116,-2918.08795851639,-2373.3004195812,2918.08795851636,2373.30041958123,-2918.08795851633,-2373.30041958118,2918.08795851638,2373.30041958121,-2918.08795851635